state,account length,area code,phone number,international plan,voice mail plan,number vmail messages,total day minutes,total day calls,total day charge,total eve minutes,total eve calls,total eve charge,total night minutes,total night calls,total night charge,total intl minutes,total intl calls,total intl charge,customer service calls,churn,churn_prob,churn_pred,risk_tier
KS,128,415,382-4657,no,yes,25,265.1,110,45.07,197.4,99,16.78,244.7,91,11.01,10.0,3,2.7,1,False,0.5602299,1,High
OH,107,415,371-7191,no,yes,26,161.6,123,27.47,195.5,103,16.62,254.4,103,11.45,13.7,3,3.7,1,False,0.0074171415,0,Medium
NJ,137,415,358-1921,no,no,0,243.4,114,41.38,121.2,110,10.3,162.6,104,7.32,12.2,5,3.29,0,False,0.13312541,0,High
OH,84,408,375-9999,yes,no,0,299.4,71,50.9,61.9,88,5.26,196.9,89,8.86,6.6,7,1.78,2,False,0.059101634,0,High
OK,75,415,330-6626,yes,no,0,166.7,113,28.34,148.3,122,12.61,186.9,121,8.41,10.1,3,2.73,3,False,0.0076042973,0,Medium
AL,118,510,391-8027,yes,no,0,223.4,98,37.98,220.6,101,18.75,203.9,118,9.18,6.3,6,1.7,0,False,0.006725285,0,Medium
MA,121,510,355-9993,no,yes,24,218.2,88,37.09,348.5,108,29.62,212.6,118,9.57,7.5,7,2.03,3,False,0.00064412836,0,Low
MO,147,415,329-9001,yes,no,0,157.0,79,26.69,103.1,94,8.76,211.8,96,9.53,7.1,6,1.92,0,False,0.0014624553,0,Low
LA,117,408,335-4719,no,no,0,184.5,97,31.37,351.6,80,29.89,215.8,90,9.71,8.7,4,2.35,1,False,0.0024703227,0,Low
WV,141,415,330-8173,yes,yes,37,258.6,84,43.96,222.0,111,18.87,326.4,97,14.69,11.2,5,3.02,0,False,0.017184237,0,Medium
IN,65,415,329-6603,no,no,0,129.1,137,21.95,228.5,83,19.42,208.8,111,9.4,12.7,6,3.43,4,True,0.012532149,0,Medium
RI,74,415,344-9403,no,no,0,187.7,127,31.91,163.4,148,13.89,196.0,94,8.82,9.1,5,2.46,0,False,0.087024406,0,High
IA,168,408,363-1107,no,no,0,128.8,96,21.9,104.9,71,8.92,141.1,128,6.35,11.2,2,3.02,1,False,0.021569135,0,Medium
MT,95,510,394-8006,no,no,0,156.6,88,26.62,247.6,75,21.05,192.3,115,8.65,12.3,5,3.32,3,False,0.03437764,0,High
IA,62,415,366-9238,no,no,0,120.7,70,20.52,307.2,76,26.11,203.0,99,9.14,13.1,6,3.54,4,False,0.00031159373,0,Low
NY,161,415,351-7269,no,no,0,332.9,67,56.59,317.8,97,27.01,160.6,128,7.23,5.4,9,1.46,4,True,0.017914258,0,Medium
ID,85,408,350-8884,no,yes,27,196.4,139,33.39,280.9,90,23.88,89.3,75,4.02,13.8,4,3.73,1,False,0.02266566,0,Medium
VT,93,510,386-2923,no,no,0,190.7,114,32.42,218.2,111,18.55,129.6,121,5.83,8.1,3,2.19,3,False,0.00087983627,0,Low
VA,76,510,356-2992,no,yes,33,189.7,66,32.25,212.8,65,18.09,165.7,108,7.46,10.0,5,2.7,1,False,0.01364309,0,Medium
TX,73,415,373-2782,no,no,0,224.4,90,38.15,159.5,88,13.56,192.8,74,8.68,13.0,2,3.51,1,False,0.004487939,0,Medium
FL,147,415,396-5800,no,no,0,155.1,117,26.37,239.7,93,20.37,208.8,133,9.4,10.6,4,2.86,0,False,0.027806185,0,Medium
CO,77,408,393-7984,no,no,0,62.4,89,10.61,169.9,121,14.44,209.6,64,9.43,5.7,6,1.54,5,True,0.0013939688,0,Low
AZ,130,415,358-1958,no,no,0,183.0,112,31.11,72.9,99,6.2,181.8,78,8.18,9.5,19,2.57,0,False,0.00027039667,0,Low
SC,111,415,350-2565,no,no,0,110.4,103,18.77,137.3,102,11.67,189.6,105,8.53,7.7,6,2.08,2,False,0.030927511,0,Medium
VA,132,510,343-4696,no,no,0,81.1,86,13.79,245.2,72,20.84,237.0,115,10.67,10.3,2,2.78,0,False,0.023992639,0,Medium
NE,174,415,331-3698,no,no,0,124.3,76,21.13,277.1,112,23.55,250.7,115,11.28,15.5,5,4.19,3,False,0.17503636,0,High
WY,57,408,357-3817,no,yes,39,213.0,115,36.21,191.1,112,16.24,182.7,115,8.22,9.5,3,2.57,0,False,0.15372257,0,High
MT,54,408,418-6412,no,no,0,134.3,73,22.83,155.5,100,13.22,102.1,68,4.59,14.7,4,3.97,3,False,0.93298686,1,High
MO,20,415,353-2630,no,no,0,190.0,109,32.3,258.2,84,21.95,181.5,102,8.17,6.3,6,1.7,0,False,0.0013528547,0,Low
HI,49,510,410-7789,no,no,0,119.3,117,20.28,215.1,109,18.28,178.7,90,8.04,11.1,1,3.0,1,False,0.0033565194,0,Low
IL,142,415,416-8428,no,no,0,84.8,95,14.42,136.7,63,11.62,250.5,148,11.27,14.2,6,3.83,2,False,0.0019127096,0,Low
NH,75,510,370-3359,no,no,0,226.1,105,38.44,201.5,107,17.13,246.2,98,11.08,10.3,5,2.78,1,False,0.0043688775,0,Medium
LA,172,408,383-1121,no,no,0,212.0,121,36.04,31.2,115,2.65,293.3,78,13.2,12.6,10,3.4,3,False,0.053553257,0,High
AZ,12,408,360-1596,no,no,0,249.6,118,42.43,252.4,119,21.45,280.2,90,12.61,11.8,3,3.19,1,True,0.0004689072,0,Low
OK,57,408,395-2854,no,yes,25,176.8,94,30.06,195.0,75,16.58,213.5,116,9.61,8.3,4,2.24,0,False,0.019037804,0,Medium
GA,72,415,362-1407,no,yes,37,220.0,80,37.4,217.3,102,18.47,152.8,71,6.88,14.7,6,3.97,3,False,0.03213758,0,High
AK,36,408,341-9764,no,yes,30,146.3,128,24.87,162.5,80,13.81,129.3,109,5.82,14.5,6,3.92,0,False,0.0041695,0,Medium
MA,78,415,353-3305,no,no,0,130.8,64,22.24,223.7,116,19.01,227.8,108,10.25,10.0,5,2.7,1,False,0.006901475,0,Medium
AK,136,415,402-1381,yes,yes,33,203.9,106,34.66,187.6,99,15.95,101.7,107,4.58,10.5,6,2.84,3,False,0.10852301,0,High
NJ,149,408,332-9891,no,no,0,140.4,94,23.87,271.8,92,23.1,188.3,108,8.47,11.1,9,3.0,1,False,0.100447804,0,High
GA,98,408,372-9976,no,no,0,126.3,102,21.47,166.8,85,14.18,187.8,135,8.45,9.4,2,2.54,3,False,0.0012366769,0,Low
MD,135,408,383-6029,yes,yes,41,173.1,85,29.43,203.9,107,17.33,122.2,78,5.5,14.6,15,3.94,0,True,0.003411702,0,Low
AR,34,510,353-7289,no,no,0,124.8,82,21.22,282.2,98,23.99,311.5,78,14.02,10.0,4,2.7,2,False,0.00050032086,0,Low
ID,160,415,390-7274,no,no,0,85.8,77,14.59,165.3,110,14.05,178.5,92,8.03,9.2,4,2.48,3,False,0.06368446,0,High
WI,64,510,352-1237,no,no,0,154.0,67,26.18,225.8,118,19.19,265.3,86,11.94,3.5,3,0.95,1,False,0.30567798,0,High
OR,59,408,353-3061,no,yes,28,120.9,97,20.55,213.0,92,18.11,163.1,116,7.34,8.5,5,2.3,2,False,0.10641169,0,High
MI,65,415,363-5450,no,no,0,211.3,120,35.92,162.6,122,13.82,134.7,118,6.06,13.2,5,3.56,3,False,0.055868447,0,High
DE,142,408,364-1995,no,no,0,187.0,133,31.79,134.6,74,11.44,242.2,127,10.9,7.4,5,2.0,2,False,0.009270724,0,Medium
ID,119,415,398-1294,no,no,0,159.1,114,27.05,231.3,117,19.66,143.2,91,6.44,8.8,3,2.38,5,True,0.0008428117,0,Low
WY,97,415,405-7146,no,yes,24,133.2,135,22.64,217.2,58,18.46,70.6,79,3.18,11.0,3,2.97,1,False,0.0064672297,0,Medium
IA,52,408,413-4957,no,no,0,191.9,108,32.62,269.8,96,22.93,236.8,87,10.66,7.8,5,2.11,3,False,0.0003077498,0,Low
IN,60,408,420-5645,no,no,0,220.6,57,37.5,211.1,115,17.94,249.0,129,11.21,6.8,3,1.84,1,False,0.04602811,0,High
VA,10,408,349-4396,no,no,0,186.1,112,31.64,190.2,66,16.17,282.8,57,12.73,11.4,6,3.08,2,False,0.010893291,0,Medium
UT,96,415,404-3211,no,no,0,160.2,117,27.23,267.5,67,22.74,228.5,68,10.28,9.3,5,2.51,2,False,0.027358294,0,Medium
WY,87,415,353-3759,no,no,0,151.0,83,25.67,219.7,116,18.67,203.9,127,9.18,9.7,3,2.62,5,True,0.13200875,0,High
IN,81,408,363-5947,no,no,0,175.5,67,29.84,249.3,85,21.19,270.2,98,12.16,10.2,3,2.75,1,False,0.0027138805,0,Low
CO,141,415,340-5121,no,no,0,126.9,98,21.57,180.0,62,15.3,140.8,128,6.34,8.0,2,2.16,1,False,0.0149287665,0,Medium
CO,121,408,370-7574,no,yes,30,198.4,129,33.73,75.3,77,6.4,181.2,77,8.15,5.8,3,1.57,3,True,0.02224388,0,Medium
WI,68,415,403-9733,no,no,0,148.8,70,25.3,246.5,164,20.95,129.8,103,5.84,12.1,3,3.27,3,False,0.00040914895,0,Low
OK,125,408,355-7251,no,no,0,229.3,103,38.98,177.4,126,15.08,189.3,95,8.52,12.0,8,3.24,1,False,0.759865,1,High
ID,174,408,359-5893,no,no,0,192.1,97,32.66,169.9,94,14.44,166.6,54,7.5,11.4,4,3.08,1,False,0.0002047141,0,Low
CA,116,415,405-3371,no,yes,34,268.6,83,45.66,178.2,142,15.15,166.3,106,7.48,11.6,3,3.13,2,False,0.56055355,1,High
MN,74,510,344-5117,no,yes,33,193.7,91,32.93,246.1,96,20.92,138.0,92,6.21,14.6,3,3.94,2,False,0.004403277,0,Medium
SD,149,408,332-8160,no,yes,28,180.7,92,30.72,187.8,64,15.96,265.5,53,11.95,12.6,3,3.4,3,False,0.14993432,0,High
NC,38,408,359-4081,no,no,0,131.2,98,22.3,162.9,97,13.85,159.0,106,7.15,8.2,6,2.21,2,False,0.10531749,0,High
WA,40,415,352-8305,no,yes,41,148.1,74,25.18,169.5,88,14.41,214.1,102,9.63,6.2,5,1.67,2,False,0.7721475,1,High
WY,43,415,329-9847,yes,no,0,251.5,105,42.76,212.8,104,18.09,157.8,67,7.1,9.3,4,2.51,0,False,0.017083667,0,Medium
MN,113,408,365-9011,yes,no,0,125.2,93,21.28,206.4,119,17.54,129.3,139,5.82,8.3,8,2.24,0,False,0.007588979,0,Medium
UT,126,408,338-9472,no,no,0,211.6,70,35.97,216.9,80,18.44,153.5,60,6.91,7.8,1,2.11,1,False,0.0048108255,0,Medium
TX,150,510,374-8042,no,no,0,178.9,101,30.41,169.1,110,14.37,148.6,100,6.69,13.8,3,3.73,4,True,0.0001362855,0,Low
NJ,138,408,359-1231,no,no,0,241.8,93,41.11,170.5,83,14.49,295.3,104,13.29,11.8,7,3.19,3,False,0.011943996,0,Medium
MN,162,510,413-7170,no,yes,46,224.9,97,38.23,188.2,84,16.0,254.6,61,11.46,12.1,2,3.27,0,False,0.010758457,0,Medium
NM,147,510,415-2935,no,no,0,248.6,83,42.26,148.9,85,12.66,172.5,109,7.76,8.0,4,2.16,3,False,0.9803915,1,High
NV,90,415,399-4246,no,no,0,203.4,146,34.58,226.7,117,19.27,152.4,105,6.86,7.3,4,1.97,1,False,0.0015553908,0,Low
HI,85,415,362-5889,no,no,0,235.8,109,40.09,157.2,94,13.36,188.2,99,8.47,12.0,3,3.24,0,False,0.026587142,0,Medium
MN,50,415,350-8921,no,no,0,157.1,90,26.71,223.3,72,18.98,181.4,111,8.16,6.1,2,1.65,1,False,0.032596968,0,High
DC,82,415,374-5353,no,no,0,300.3,109,51.05,181.0,100,15.39,270.1,73,12.15,11.7,4,3.16,0,True,0.6835656,1,High
NY,144,408,360-1171,no,no,0,61.6,117,10.47,77.1,85,6.55,173.0,99,7.79,8.2,7,2.21,4,True,0.0020221514,0,Low
MN,46,415,355-8887,no,no,0,214.1,72,36.4,164.4,104,13.97,177.5,113,7.99,8.2,3,2.21,2,False,7.390577e-05,0,Low
MD,70,408,333-1967,no,no,0,170.2,98,28.93,155.2,102,13.19,228.6,76,10.29,15.0,2,4.05,1,False,0.045019947,0,High
WV,144,415,354-4577,no,no,0,201.1,99,34.19,303.5,74,25.8,224.0,119,10.08,13.2,2,3.56,1,False,0.0025923094,0,Low
OR,116,415,331-7425,yes,no,0,215.4,104,36.62,204.8,79,17.41,278.5,109,12.53,12.6,5,3.4,3,False,0.017819973,0,Medium
CO,55,408,419-2637,no,yes,25,165.6,123,28.15,136.1,95,11.57,175.7,90,7.91,11.0,2,2.97,3,False,0.004678975,0,Medium
GA,70,415,411-1530,no,yes,24,249.5,101,42.42,259.7,98,22.07,222.7,68,10.02,9.8,4,2.65,1,False,0.23451628,0,High
TX,106,510,395-3026,no,no,0,210.6,96,35.8,249.2,85,21.18,191.4,88,8.61,12.4,1,3.35,2,True,0.2568722,0,High
VT,128,510,388-6441,no,yes,29,179.3,104,30.48,225.9,86,19.2,323.0,78,14.54,8.6,7,2.32,0,False,0.0035798415,0,Low
IN,94,408,402-1251,no,no,0,157.9,105,26.84,155.0,101,13.18,189.6,84,8.53,8.0,5,2.16,4,True,0.0075594517,0,Medium
WV,111,510,412-9997,no,no,0,214.3,118,36.43,208.5,76,17.72,182.4,98,8.21,12.0,2,3.24,1,False,0.0012086222,0,Low
KY,74,415,346-7302,no,yes,35,154.1,104,26.2,123.4,84,10.49,202.1,57,9.09,10.9,9,2.94,2,False,0.0011134853,0,Low
NJ,128,415,358-9095,no,no,0,237.9,125,40.44,247.6,93,21.05,208.9,68,9.4,13.9,4,3.75,1,True,0.0033486104,0,Low
DC,82,510,400-9770,no,no,0,143.9,61,24.46,194.9,105,16.57,109.6,94,4.93,11.1,2,3.0,1,False,0.0017557665,0,Low
LA,155,415,334-1275,no,no,0,203.4,100,34.58,190.9,104,16.23,196.0,119,8.82,8.9,4,2.4,0,True,0.009421245,0,Medium
AR,80,415,340-4953,no,no,0,124.3,100,21.13,173.0,107,14.71,253.2,62,11.39,7.9,9,2.13,1,False,0.04346276,0,High
ME,78,415,400-9510,no,no,0,252.9,93,42.99,178.4,112,15.16,263.9,105,11.88,9.5,7,2.57,3,False,0.0039223894,0,Medium
AZ,90,415,387-6103,no,no,0,179.1,71,30.45,190.6,81,16.2,127.7,91,5.75,10.6,7,2.86,3,False,0.0035895223,0,Low
AK,104,408,366-4467,no,no,0,278.4,106,47.33,81.0,113,6.89,163.2,137,7.34,9.8,5,2.65,1,False,0.010479385,0,Medium
MT,73,415,370-3450,no,no,0,160.1,110,27.22,213.3,72,18.13,174.1,72,7.83,13.0,4,3.51,0,False,0.018745378,0,Medium
AZ,99,415,327-3954,no,no,0,198.2,87,33.69,207.3,76,17.62,190.9,113,8.59,8.7,3,2.35,4,False,0.014487462,0,Medium
MS,120,408,355-6291,no,no,0,212.1,131,36.06,209.4,104,17.8,167.2,96,7.52,5.3,5,1.43,1,True,0.011793721,0,Medium
ID,77,415,362-9748,no,no,0,251.8,72,42.81,205.7,126,17.48,275.2,109,12.38,9.8,7,2.65,2,True,0.0025864055,0,Low
IA,98,510,379-6506,no,yes,21,161.2,114,27.4,252.2,83,21.44,160.2,92,7.21,4.4,8,1.19,4,False,0.55163145,1,High
MA,108,415,347-7741,no,no,0,178.3,137,30.31,189.0,76,16.07,129.1,102,5.81,14.6,5,3.94,0,False,0.9831829,1,High
VT,135,415,354-3783,no,no,0,151.7,82,25.79,119.0,105,10.12,180.0,100,8.1,10.5,6,2.84,0,False,0.11411947,0,High
KY,95,408,401-7594,no,no,0,135.0,99,22.95,183.6,106,15.61,245.3,102,11.04,12.5,9,3.38,1,False,0.0032017773,0,Low
IN,122,408,397-4976,no,no,0,170.5,94,28.99,173.7,109,14.76,248.6,75,11.19,11.3,2,3.05,1,False,0.00015964775,0,Low
AZ,95,408,334-2577,no,no,0,238.1,65,40.48,187.2,98,15.91,190.0,115,8.55,11.8,4,3.19,4,False,0.0058680056,0,Medium
MI,36,510,400-3637,no,yes,29,281.4,102,47.84,202.2,76,17.19,187.2,113,8.42,9.0,6,2.43,2,False,0.0015079158,0,Low
NM,93,510,383-4361,no,yes,21,117.9,131,20.04,164.5,115,13.98,217.0,86,9.76,9.8,3,2.65,1,False,0.025222622,0,Medium
CO,141,415,371-4306,no,yes,32,148.6,91,25.26,131.1,97,11.14,219.4,142,9.87,10.1,1,2.73,1,False,0.046632476,0,High
UT,157,408,403-4298,no,no,0,229.8,90,39.07,147.9,121,12.57,241.4,108,10.86,9.6,7,2.59,3,False,0.0019473817,0,Low
MI,120,408,409-3786,no,no,0,165.0,100,28.05,317.2,83,26.96,119.2,86,5.36,8.3,8,2.24,1,False,0.02868594,0,Medium
MA,103,415,337-4697,no,no,0,185.0,117,31.45,223.3,94,18.98,222.8,91,10.03,12.6,2,3.4,2,False,0.003419012,0,Low
AL,98,408,383-1509,no,no,0,161.0,117,27.37,190.9,113,16.23,227.7,113,10.25,12.1,4,3.27,4,False,0.00028874047,0,Low
DE,125,408,359-9794,no,no,0,126.7,108,21.54,206.0,90,17.51,247.8,114,11.15,13.3,7,3.59,1,False,0.01620402,0,Medium
AZ,63,415,407-7035,no,no,0,58.9,125,10.01,169.6,59,14.42,211.4,88,9.51,9.4,3,2.54,1,False,0.0017255428,0,Low
ME,36,510,363-1069,yes,yes,42,196.8,89,33.46,254.9,122,21.67,138.3,126,6.22,20.0,6,5.4,0,True,0.00771994,0,Medium
NJ,64,510,391-4652,no,no,0,162.6,83,27.64,152.3,109,12.95,57.5,122,2.59,14.2,3,3.83,1,False,0.001898252,0,Low
NV,74,415,355-6837,no,no,0,282.5,114,48.03,219.9,48,18.69,170.0,115,7.65,9.4,4,2.54,1,True,0.06657963,0,High
MO,112,510,409-1244,no,yes,36,113.7,117,19.33,157.5,82,13.39,177.6,118,7.99,10.0,3,2.7,2,False,0.006130984,0,Medium
ID,97,408,328-3266,no,no,0,239.8,125,40.77,214.8,111,18.26,143.3,81,6.45,8.7,5,2.35,2,False,0.015396336,0,Medium
NE,46,408,352-7072,no,no,0,210.2,92,35.73,227.3,77,19.32,200.1,116,9.0,13.1,7,3.54,1,False,0.055956077,0,High
TX,41,408,370-7550,no,yes,22,213.8,102,36.35,141.8,86,12.05,142.2,123,6.4,7.2,3,1.94,0,False,0.663624,1,High
MD,121,510,369-5526,no,no,0,190.7,103,32.42,183.5,117,15.6,220.8,103,9.94,9.8,4,2.65,3,False,0.00090645597,0,Low
MS,193,415,329-4391,no,no,0,170.9,124,29.05,132.3,95,11.25,112.9,89,5.08,11.6,3,3.13,1,False,0.003922572,0,Medium
NV,130,510,408-4195,no,no,0,154.2,119,26.21,110.2,98,9.37,227.4,117,10.23,9.2,5,2.48,2,False,0.00052186433,0,Low
AZ,85,408,354-4445,no,no,0,201.4,52,34.24,229.4,104,19.5,252.5,106,11.36,12.0,3,3.24,1,False,0.0006315669,0,Low
MS,162,415,335-4858,no,no,0,70.7,108,12.02,157.5,87,13.39,154.8,82,6.97,9.1,3,2.46,4,True,0.0007100726,0,Low
MS,61,510,414-8718,no,yes,27,187.5,124,31.88,146.6,103,12.46,225.7,129,10.16,6.4,6,1.73,4,True,0.000110951114,0,Low
TX,92,408,409-5939,no,no,0,91.7,90,15.59,193.7,123,16.46,175.0,86,7.88,9.2,4,2.48,2,False,0.89428616,1,High
NE,131,408,331-4902,no,yes,36,214.2,115,36.41,161.7,117,13.74,264.7,102,11.91,9.5,4,2.57,3,False,0.0032419395,0,Low
NE,90,415,353-6870,no,no,0,145.5,92,24.74,217.7,114,18.5,146.9,123,6.61,10.9,2,2.94,3,False,0.06851785,0,High
CA,75,408,355-2909,no,no,0,166.3,125,28.27,158.2,86,13.45,256.7,80,11.55,6.1,5,1.65,1,False,0.043078337,0,High
NJ,78,415,390-6101,no,no,0,231.0,115,39.27,230.4,140,19.58,261.4,120,11.76,9.5,3,2.57,1,False,0.0009846073,0,Low
TX,82,408,400-3446,no,no,0,200.3,96,34.05,201.2,102,17.1,206.1,60,9.27,7.1,1,1.92,4,False,0.004447001,0,Medium
AR,163,408,411-5859,no,no,0,197.0,109,33.49,202.6,128,17.22,206.4,80,9.29,9.1,10,2.46,1,False,0.0011961745,0,Low
AL,91,510,387-2919,yes,no,0,129.9,112,22.08,173.3,83,14.73,247.2,130,11.12,11.2,3,3.02,3,False,0.00035596898,0,Low
NY,75,415,374-8525,no,yes,21,175.8,97,29.89,217.5,106,18.49,237.5,134,10.69,5.3,4,1.43,5,False,0.0020274778,0,Low
FL,91,510,379-5592,no,no,0,203.1,106,34.53,210.1,113,17.86,195.6,129,8.8,12.0,3,3.24,3,False,0.65762204,1,High
AK,127,510,345-8237,no,yes,36,183.2,117,31.14,126.8,76,10.78,263.3,71,11.85,11.2,8,3.02,1,False,0.0014477624,0,Low
NV,113,415,422-6690,no,yes,23,205.0,101,34.85,152.0,60,12.92,158.6,59,7.14,10.2,5,2.75,2,False,0.00019974037,0,Low
DE,110,510,346-2359,no,no,0,148.5,115,25.25,276.4,84,23.49,193.6,112,8.71,12.4,3,3.35,1,False,0.00733483,0,Medium
MD,120,415,374-3534,no,yes,39,200.3,68,34.05,220.4,97,18.73,253.8,116,11.42,10.5,4,2.84,0,False,0.007072168,0,Medium
MI,157,415,381-4756,no,yes,28,192.6,107,32.74,195.5,74,16.62,109.7,139,4.94,6.8,5,1.84,3,False,0.0019739217,0,Low
VT,103,510,390-2805,no,no,0,246.5,47,41.91,195.5,84,16.62,200.5,96,9.02,11.7,4,3.16,1,False,0.05174802,0,High
VT,117,408,390-2390,yes,no,0,167.1,86,28.41,177.5,87,15.09,249.4,132,11.22,14.1,7,3.81,2,True,0.7935261,1,High
MI,140,415,419-9097,no,no,0,231.9,101,39.42,160.1,94,13.61,110.4,98,4.97,14.3,6,3.86,3,False,0.0015731031,0,Low
WA,127,408,386-7281,no,no,0,146.7,91,24.94,203.5,78,17.3,203.4,110,9.15,13.7,3,3.7,1,False,0.041053716,0,High
UT,83,408,380-3561,yes,no,0,271.5,87,46.16,216.3,126,18.39,121.1,105,5.45,11.7,4,3.16,1,False,0.07194321,0,High
LA,121,408,390-8760,no,no,0,181.5,121,30.86,218.4,98,18.56,161.6,103,7.27,8.5,5,2.3,1,False,0.011971686,0,Medium
RI,145,408,366-6730,no,yes,43,257.7,97,43.81,162.1,95,13.78,286.9,86,12.91,11.1,4,3.0,2,False,0.07095846,0,High
IA,113,408,395-5285,no,no,0,193.8,99,32.95,221.4,125,18.82,172.3,67,7.75,10.6,6,2.86,1,False,0.021703472,0,Medium
NE,117,415,354-3436,no,no,0,102.8,119,17.48,206.7,91,17.57,299.0,105,13.46,10.1,7,2.73,1,False,0.3017409,0,High
OH,65,408,336-7600,no,no,0,187.9,116,31.94,157.6,117,13.4,227.3,86,10.23,7.5,6,2.03,1,False,0.45666644,0,High
RI,56,415,383-6293,no,no,0,226.0,112,38.42,248.5,118,21.12,140.5,142,6.32,6.9,11,1.86,1,False,0.06987873,0,High
OK,96,415,362-4596,no,no,0,260.4,115,44.27,146.0,46,12.41,269.5,87,12.13,11.5,4,3.11,5,False,0.9896219,1,High
LA,151,408,401-3926,no,no,0,178.7,116,30.38,292.1,138,24.83,265.9,101,11.97,9.8,4,2.65,0,False,0.0066877967,0,Medium
OH,83,415,370-9116,no,no,0,337.4,120,57.36,227.4,116,19.33,153.9,114,6.93,15.8,7,4.27,0,True,0.0011008668,0,Low
VA,139,510,328-6289,no,yes,23,157.6,129,26.79,247.0,96,21.0,259.2,112,11.66,13.7,2,3.7,0,False,0.00021635811,0,Low
MO,6,510,350-9994,no,no,0,183.6,117,31.21,256.7,72,21.82,178.6,79,8.04,10.2,2,2.75,1,False,0.00073444436,0,Low
FL,115,510,351-4616,no,yes,24,142.1,124,24.16,183.4,129,15.59,164.8,114,7.42,9.6,4,2.59,1,False,0.00542105,0,Medium
SC,87,415,360-5779,no,no,0,136.3,97,23.17,172.2,108,14.64,137.5,101,6.19,7.1,5,1.92,0,False,0.0055432417,0,Medium
VA,141,415,417-4885,no,no,0,217.1,110,36.91,241.5,111,20.53,253.5,103,11.41,12.0,6,3.24,0,False,0.0005295511,0,Low
IA,141,510,406-4710,no,yes,36,187.5,99,31.88,241.4,116,20.52,229.5,105,10.33,10.5,5,2.84,3,False,0.009198186,0,Medium
MI,62,415,409-8743,no,no,0,98.9,103,16.81,135.4,122,11.51,236.6,82,10.65,12.2,1,3.29,1,False,0.6094415,1,High
OK,146,415,335-4584,no,no,0,206.3,151,35.07,148.6,89,12.63,167.2,91,7.52,6.1,3,1.65,1,False,0.011711401,0,Medium
DE,92,415,361-9845,no,yes,33,243.1,92,41.33,213.8,92,18.17,228.7,104,10.29,12.1,2,3.27,2,False,0.00015478596,0,Low
GA,185,510,366-5699,no,yes,31,189.8,126,32.27,163.3,133,13.88,264.8,126,11.92,7.5,3,2.03,1,False,0.0035113464,0,Low
DC,148,415,329-9364,no,no,0,202.0,102,34.34,243.2,128,20.67,261.3,90,11.76,10.9,3,2.94,1,False,0.0015055184,0,Low
AZ,94,408,390-7434,no,yes,38,170.1,124,28.92,193.3,116,16.43,105.9,73,4.77,12.8,4,3.46,1,False,0.0020013922,0,Low
AL,32,510,404-9680,no,no,0,230.9,87,39.25,187.4,90,15.93,154.0,53,6.93,6.3,2,1.7,0,False,0.014807019,0,Medium
CO,68,408,338-9398,no,no,0,237.1,105,40.31,223.5,105,19.0,97.4,79,4.38,13.2,2,3.56,1,False,0.00021165011,0,Low
NH,64,408,394-2445,no,yes,27,182.1,91,30.96,169.7,98,14.42,164.7,86,7.41,10.6,5,2.86,2,False,0.012747763,0,Medium
NM,25,415,381-2709,no,no,0,119.3,87,20.28,211.5,101,17.98,268.9,86,12.1,10.5,4,2.84,3,False,0.0067054126,0,Medium
OR,65,415,397-5060,no,no,0,116.8,87,19.86,178.9,93,15.21,182.4,150,8.21,14.1,2,3.81,1,False,0.30437562,0,High
LA,179,408,415-2393,no,no,0,219.2,92,37.26,149.4,125,12.7,244.7,104,11.01,6.1,5,1.65,0,False,0.00038330714,0,Low
NE,94,415,377-1765,no,no,0,252.6,104,42.94,169.0,125,14.37,170.9,106,7.69,11.1,7,3.0,2,False,0.00057478505,0,Low
MN,62,415,409-2111,no,no,0,147.1,91,25.01,190.4,107,16.18,195.2,115,8.78,12.2,3,3.29,0,False,0.0001975181,0,Low
MI,127,415,401-3170,no,no,0,202.1,103,34.36,229.4,86,19.5,195.2,113,8.78,11.5,3,3.11,2,False,0.031451695,0,High
AR,116,408,405-5681,no,no,0,173.5,93,29.5,194.1,76,16.5,208.0,112,9.36,16.2,10,4.37,3,False,0.022723166,0,Medium
KS,70,408,411-4582,no,no,0,232.1,122,39.46,292.3,112,24.85,201.2,112,9.05,0.0,0,0.0,3,False,0.00034879905,0,Low
WV,94,510,355-5009,yes,yes,23,197.1,125,33.51,214.5,136,18.23,282.2,103,12.7,9.5,5,2.57,4,False,0.09096678,0,High
AK,126,415,372-3750,no,no,0,58.2,94,9.89,138.7,118,11.79,136.8,91,6.16,11.9,1,3.21,5,True,0.04646719,0,High
NY,67,408,405-2888,no,yes,36,115.6,111,19.65,237.7,94,20.2,169.9,103,7.65,9.9,12,2.67,2,False,0.0017426254,0,Low
NH,19,408,361-3337,no,no,0,186.1,98,31.64,254.3,57,21.62,214.0,127,9.63,14.6,7,3.94,2,False,0.07841398,0,High
VA,170,510,350-1639,yes,no,0,259.9,68,44.18,245.0,122,20.83,134.4,121,6.05,8.4,3,2.27,3,False,0.0031143392,0,Low
NM,73,415,333-3221,no,no,0,214.3,145,36.43,268.5,135,22.82,241.2,92,10.85,10.8,13,2.92,1,False,0.0014629052,0,Low
NY,106,408,422-1471,no,no,0,158.7,74,26.98,64.3,139,5.47,198.5,103,8.93,10.2,4,2.75,1,False,0.0016236464,0,Low
AZ,93,415,399-7865,no,no,0,271.6,71,46.17,229.4,108,19.5,77.3,121,3.48,10.9,3,2.94,2,False,0.0047092214,0,Medium
WY,164,510,373-4819,no,no,0,160.6,111,27.3,163.2,126,13.87,187.1,112,8.42,9.0,3,2.43,1,False,0.6842234,1,High
WA,51,408,338-6981,no,no,0,232.4,109,39.51,187.4,95,15.93,231.2,107,10.4,9.1,3,2.46,1,False,0.00074644247,0,Low
CO,107,415,418-4365,no,no,0,133.8,85,22.75,180.5,94,15.34,112.2,115,5.05,8.9,4,2.4,0,False,0.005683126,0,Medium
TX,130,415,359-5461,no,no,0,176.9,109,30.07,90.7,104,7.71,238.0,69,10.71,9.5,2,2.57,1,False,0.00061437447,0,Low
KY,80,408,375-3586,no,no,0,209.9,74,35.68,195.1,77,16.58,208.2,119,9.37,8.8,4,2.38,2,False,0.99937254,1,High
MT,94,415,407-8376,no,no,0,137.5,118,23.38,203.2,88,17.27,150.0,131,6.75,13.4,2,3.62,0,False,0.0004363718,0,Low
OK,118,408,408-6496,no,yes,23,289.5,52,49.22,166.6,111,14.16,119.1,88,5.36,9.5,4,2.57,1,False,0.1341111,0,High
MD,117,415,385-7688,no,yes,23,198.1,86,33.68,177.0,86,15.05,180.5,92,8.12,6.8,6,1.84,1,False,0.9917813,1,High
TN,78,415,332-6934,no,no,0,149.7,119,25.45,182.2,115,15.49,261.5,126,11.77,9.7,8,2.62,0,False,0.01745214,0,Medium
TX,208,510,378-3625,no,no,0,326.5,67,55.51,176.3,113,14.99,181.7,102,8.18,10.7,6,2.89,2,True,0.019648762,0,Medium
ME,131,510,353-7292,yes,yes,26,292.9,101,49.79,199.7,97,16.97,255.3,127,11.49,13.8,7,3.73,4,True,0.23734745,0,High
DC,63,408,399-6786,no,no,0,83.0,64,14.11,177.0,106,15.05,245.7,89,11.06,13.0,3,3.51,0,False,0.001041387,0,Low
MN,53,415,358-3261,no,yes,24,145.7,146,24.77,220.5,136,18.74,249.9,96,11.25,13.1,5,3.54,3,False,0.0026216456,0,Low
DE,62,408,377-9932,no,no,0,182.3,101,30.99,328.2,93,27.9,245.0,131,11.03,11.2,1,3.02,2,False,0.01047849,0,Medium
MD,97,415,397-4030,no,no,0,218.0,86,37.06,184.0,94,15.64,240.5,110,10.82,6.4,8,1.73,3,False,0.053437438,0,High
MI,105,510,367-1062,no,no,0,140.6,109,23.9,178.6,51,15.18,217.0,83,9.76,6.8,3,1.84,2,False,0.001430863,0,Low
WA,157,415,341-8467,no,no,0,152.7,105,25.96,257.5,80,21.89,198.1,93,8.91,9.4,4,2.54,1,False,0.0012451819,0,Low
MO,66,415,339-9453,no,yes,36,106.7,76,18.14,209.8,77,17.83,190.4,117,8.57,12.1,2,3.27,1,False,0.8487045,1,High
IN,122,415,344-3388,no,no,0,243.8,98,41.45,83.9,72,7.13,179.8,84,8.09,13.7,8,3.7,2,False,0.0019146212,0,Low
OR,38,415,375-8013,no,no,0,194.4,94,33.05,186.7,95,15.87,223.3,90,10.05,10.8,5,2.92,3,False,0.8655418,1,High
MD,106,510,408-4142,no,no,0,213.9,95,36.36,151.9,70,12.91,260.1,124,11.7,12.2,5,3.29,3,False,0.004690761,0,Medium
RI,99,510,386-3671,no,no,0,217.2,112,36.92,246.7,89,20.97,226.1,89,10.17,15.8,7,4.27,3,False,0.9957912,1,High
LA,99,415,411-2284,no,no,0,241.1,72,40.99,155.6,98,13.23,188.2,109,8.47,11.6,10,3.13,1,False,0.9659513,1,High
AZ,144,510,346-7795,yes,no,0,203.5,100,34.6,247.6,103,21.05,194.3,94,8.74,11.9,11,3.21,0,False,0.0952727,0,High
PA,82,415,333-5609,no,yes,24,155.2,131,26.38,244.5,106,20.78,122.4,68,5.51,10.7,3,2.89,1,False,0.0045888405,0,Medium
AZ,86,408,405-1842,no,yes,31,167.6,139,28.49,113.0,118,9.61,246.9,121,11.11,12.2,6,3.29,1,False,0.08658588,0,High
FL,70,510,366-6345,yes,no,0,226.7,98,38.54,228.1,115,19.39,73.2,93,3.29,17.6,4,4.75,2,True,0.01705023,0,Medium
LA,93,415,337-9345,no,no,0,179.3,93,30.48,178.6,98,15.18,225.2,131,10.13,11.5,6,3.11,3,False,0.003811243,0,Medium
FL,93,415,328-6770,no,no,0,151.4,89,25.74,186.4,76,15.84,172.5,120,7.76,10.9,3,2.94,0,False,0.0022120704,0,Low
FL,120,415,380-7321,no,no,0,180.0,80,30.6,224.2,82,19.06,265.4,91,11.94,4.7,7,1.27,3,False,0.020619597,0,Medium
MD,136,415,375-1476,no,no,0,250.2,121,42.53,267.1,118,22.7,151.0,114,6.8,13.0,2,3.51,1,True,0.0044536726,0,Medium
AL,106,415,356-1567,no,no,0,223.0,121,37.91,110.1,98,9.36,188.7,107,8.49,7.1,12,1.92,0,False,0.0012106547,0,Low
WA,81,415,422-6685,no,no,0,183.6,116,31.21,152.6,98,12.97,212.2,99,9.55,12.2,6,3.29,3,False,0.0013882747,0,Low
TN,127,408,336-1090,no,yes,22,166.0,114,28.22,174.5,103,14.83,244.9,68,11.02,10.2,6,2.75,1,False,0.99956936,1,High
MS,65,415,343-2095,no,no,0,136.1,112,23.14,272.9,96,23.2,220.2,104,9.91,4.4,2,1.19,1,False,0.1519853,0,High
ME,35,408,345-3934,no,no,0,149.3,113,25.38,242.2,122,20.59,174.3,104,7.84,8.9,6,2.4,2,False,0.011070557,0,Medium
OK,88,408,338-8050,no,no,0,65.4,97,11.12,168.2,76,14.3,236.0,113,10.62,13.8,1,3.73,2,False,0.013840719,0,Medium
IN,65,415,388-9568,no,no,0,213.4,111,36.28,234.5,94,19.93,250.1,123,11.25,2.7,4,0.73,1,False,0.011966144,0,Medium
MO,123,415,402-6591,no,no,0,206.9,85,35.17,244.7,78,20.8,221.5,136,9.97,7.7,2,2.08,3,False,0.92806727,1,High
IA,126,408,403-6419,no,yes,27,186.2,78,31.65,189.6,83,16.12,76.5,139,3.44,9.6,3,2.59,2,False,0.33797973,0,High
VA,104,415,386-9790,no,yes,23,280.2,136,47.63,220.5,92,18.74,136.9,102,6.16,13.3,3,3.59,4,False,0.038726866,0,High
KY,45,415,378-5692,no,yes,22,196.6,84,33.42,313.2,92,26.62,163.3,108,7.35,11.9,3,3.21,0,False,0.9998541,1,High
MD,93,408,360-3324,yes,no,0,312.0,109,53.04,129.4,100,11.0,217.6,74,9.79,10.5,2,2.84,0,True,4.8519443e-05,0,Low
OH,63,415,410-3719,yes,yes,36,199.0,110,33.83,291.3,111,24.76,197.6,92,8.89,11.0,6,2.97,1,False,0.55299354,1,High
OK,100,415,352-4221,no,no,0,203.1,96,34.53,217.0,126,18.45,180.9,122,8.14,13.5,2,3.65,3,False,0.0067023835,0,Medium
NV,53,415,327-6179,no,no,0,168.8,97,28.7,220.3,87,18.73,154.3,113,6.94,10.9,2,2.94,0,False,0.04520086,0,High
ID,92,415,359-6196,yes,no,0,173.1,140,29.43,240.3,105,20.43,233.2,117,10.49,9.0,5,2.43,1,False,0.005851755,0,Medium
MN,139,510,374-9107,no,no,0,134.4,106,22.85,211.3,98,17.96,193.6,125,8.71,10.2,2,2.75,5,True,0.00018784827,0,Low
SD,110,408,357-4078,no,yes,40,202.6,103,34.44,118.8,128,10.1,234.9,98,10.57,9.0,9,2.43,2,False,0.006378984,0,Medium
IL,110,408,366-5780,no,no,0,74.5,117,12.67,200.8,98,17.07,192.2,101,8.65,9.8,7,2.65,3,False,0.001590851,0,Low
WY,215,510,393-9619,no,no,0,83.6,148,14.21,120.9,91,10.28,226.6,110,10.2,10.7,9,2.89,0,False,0.0038200081,0,Medium
AL,73,415,355-9295,no,no,0,192.2,86,32.67,168.6,116,14.33,139.8,87,6.29,9.4,6,2.54,1,False,0.034489878,0,High
NJ,138,510,400-5751,no,no,0,220.2,89,37.43,88.3,125,7.51,195.3,79,8.79,12.9,5,3.48,0,False,0.0016473884,0,Low
NV,137,415,338-1027,yes,no,0,135.1,95,22.97,134.1,102,11.4,223.1,81,10.04,12.3,2,3.32,2,True,0.092854746,0,High
IN,36,415,405-8867,no,no,0,253.4,77,43.08,182.4,151,15.5,275.8,103,12.41,8.4,2,2.27,1,False,0.7660137,1,High
WV,85,408,336-5616,no,no,0,225.0,81,38.25,176.9,63,15.04,194.3,110,8.74,7.1,2,1.92,3,False,0.0042614792,0,Medium
VA,108,408,335-1697,no,no,0,198.5,99,33.75,267.8,60,22.76,354.9,75,15.97,9.4,3,2.54,0,True,0.029772425,0,Medium
SC,22,408,331-5138,no,no,0,110.3,107,18.75,166.5,93,14.15,202.3,96,9.1,9.5,5,2.57,0,False,0.03721076,0,High
RI,107,415,385-8240,no,yes,37,60.0,102,10.2,102.2,80,8.69,261.8,106,11.78,11.1,3,3.0,0,False,0.005022329,0,Medium
IN,51,510,348-1359,no,no,0,214.8,94,36.52,149.7,58,12.72,283.4,66,12.75,10.2,5,2.75,0,False,0.033233173,0,High
AZ,94,408,354-7339,no,no,0,181.8,85,30.91,202.4,98,17.2,245.9,97,11.07,9.2,2,2.48,4,False,0.02250259,0,Medium
NM,119,510,349-1687,no,yes,23,154.0,114,26.18,278.0,137,23.63,228.4,112,10.28,11.8,4,3.19,2,False,0.001772006,0,Low
OR,33,415,380-2558,no,yes,29,157.4,99,26.76,117.9,80,10.02,279.2,79,12.56,13.9,11,3.75,4,True,0.0006640738,0,Low
NJ,106,415,365-2153,no,no,0,207.9,91,35.34,172.0,109,14.62,191.8,143,8.63,14.4,7,3.89,4,False,0.014736886,0,Medium
MS,82,408,345-6043,no,no,0,207.0,90,35.19,232.9,83,19.8,172.4,108,7.76,9.1,8,2.46,3,False,0.0025108282,0,Low
MI,86,510,349-2808,no,yes,41,119.0,101,20.23,230.0,134,19.55,236.9,58,10.66,9.5,3,2.57,0,False,0.17852987,0,High
TX,97,415,411-1715,yes,no,0,143.7,117,24.43,273.0,82,23.21,178.3,81,8.02,10.9,3,2.94,0,False,0.00047795297,0,Low
FL,106,408,385-2488,no,yes,32,165.9,126,28.2,216.5,93,18.4,173.1,86,7.79,14.1,8,3.81,4,False,0.014794364,0,Medium
DC,108,510,377-7177,no,no,0,138.6,122,23.56,172.3,117,14.65,231.6,92,10.42,9.8,3,2.65,1,False,0.03598354,0,High
TX,114,415,342-1099,no,no,0,84.7,118,14.4,249.9,86,21.24,193.4,95,8.7,14.5,8,3.92,1,False,0.017400244,0,Medium
KS,92,408,386-4170,yes,no,0,62.6,111,10.64,180.6,126,15.35,221.7,80,9.98,10.4,2,2.81,1,True,0.003659869,0,Low
UT,59,510,413-1269,no,no,0,155.2,79,26.38,235.3,123,20.0,169.4,80,7.62,8.7,4,2.35,1,False,1.0,1,High
MN,24,510,396-4460,no,yes,25,164.9,110,28.03,209.3,105,17.79,231.2,55,10.4,6.7,9,1.81,1,False,0.024782235,0,Medium
IL,151,408,334-2730,no,no,0,134.5,88,22.87,143.1,112,12.16,223.9,61,10.08,15.4,1,4.16,1,False,0.00031259467,0,Low
NM,117,415,340-3182,no,no,0,143.3,103,24.36,211.3,108,17.96,185.2,96,8.33,11.5,3,3.11,1,False,0.47975343,0,High
SC,78,510,377-8608,no,no,0,168.3,110,28.61,221.2,73,18.8,241.0,136,10.85,12.5,1,3.38,1,False,0.0029905064,0,Low
NC,155,408,417-3676,no,no,0,262.4,55,44.61,194.6,113,16.54,146.5,85,6.59,8.3,6,2.24,2,False,0.0074965153,0,Medium
WV,114,510,417-6774,no,yes,30,206.2,79,35.05,260.0,91,22.1,291.6,83,13.12,11.4,6,3.08,1,False,0.15895487,0,High
RI,114,510,411-9554,no,yes,28,225.8,94,38.39,193.0,117,16.41,232.4,100,10.46,8.4,9,2.27,4,False,0.0030863849,0,Low
NH,119,408,420-3192,no,no,0,138.3,89,23.51,170.5,78,14.49,263.9,98,11.88,13.5,6,3.65,3,False,0.0030640007,0,Low
MO,64,510,389-1475,no,yes,48,94.4,104,16.05,136.2,101,11.58,147.4,89,6.63,4.5,4,1.22,0,False,0.48051962,0,High
MA,118,408,343-7734,yes,no,0,160.0,123,27.2,175.4,96,14.91,184.8,99,8.32,9.9,3,2.67,2,False,0.06585152,0,High
PA,101,415,410-3390,no,no,0,206.6,105,35.12,224.9,117,19.12,249.9,100,11.25,14.6,3,3.94,0,False,0.9128138,1,High
OK,117,415,344-6495,no,no,0,134.7,121,22.9,180.0,83,15.3,200.9,104,9.04,7.7,3,2.08,1,False,0.0053999578,0,Medium
AL,49,415,331-6229,no,yes,28,214.4,78,36.45,235.2,100,19.99,206.2,107,9.28,8.0,13,2.16,3,False,0.023696218,0,Medium
WY,139,415,337-7501,no,no,0,192.8,104,32.78,234.4,96,19.92,203.2,101,9.14,13.0,3,3.51,3,False,0.16637506,0,High
PA,92,408,339-9631,no,yes,28,151.1,90,25.69,194.8,79,16.56,239.2,114,10.76,10.0,3,2.7,1,False,0.0013154823,0,Low
WA,83,415,369-4384,no,no,0,221.4,103,37.64,231.8,103,19.7,122.5,100,5.51,9.8,5,2.65,3,False,0.9987643,1,High
HI,148,510,416-3915,yes,no,0,218.9,88,37.21,208.0,85,17.68,203.3,99,9.15,11.1,4,3.0,0,False,0.0053717503,0,Medium
SD,144,408,339-3049,no,yes,48,189.8,96,32.27,123.4,67,10.49,214.2,106,9.64,6.5,2,1.76,2,True,0.0023529073,0,Low
AL,131,415,361-7998,no,yes,25,192.7,85,32.76,225.9,105,19.2,254.2,59,11.44,10.9,6,2.94,2,False,0.0038816086,0,Medium
VT,146,510,355-4842,yes,no,0,204.4,135,34.75,219.1,90,18.62,222.7,114,10.02,10.5,6,2.84,3,False,0.01962344,0,Medium
MT,143,415,387-6440,no,no,0,172.3,97,29.29,174.0,108,14.79,188.2,119,8.47,13.0,4,3.51,2,False,0.06009978,0,High
MN,81,415,369-2625,no,no,0,198.4,93,33.73,210.9,108,17.93,193.3,71,8.7,10.4,6,2.81,2,False,0.9938291,1,High
AK,48,415,389-7073,no,yes,37,211.7,115,35.99,159.9,84,13.59,144.1,80,6.48,12.2,1,3.29,1,False,0.002055701,0,Low
MI,86,415,370-8463,no,yes,28,221.6,74,37.67,288.4,100,24.51,240.3,105,10.81,9.0,2,2.43,1,False,0.051189616,0,High
DE,71,415,362-7318,no,no,0,197.9,108,33.64,181.5,109,15.43,281.4,56,12.66,6.7,5,1.81,3,False,0.0005298445,0,Low
SD,145,408,412-1194,no,yes,24,147.5,90,25.08,175.7,108,14.93,252.1,102,11.34,15.6,3,4.21,2,False,0.011768284,0,Medium
MI,137,510,355-9508,no,no,0,206.4,122,35.09,128.0,102,10.88,194.5,84,8.75,8.8,5,2.38,2,False,0.020407615,0,Medium
KS,137,408,352-8202,no,no,0,205.9,88,35.0,209.3,86,17.79,289.9,84,13.05,14.5,4,3.92,2,False,0.0009673062,0,Low
AL,167,510,335-5882,no,no,0,207.6,88,35.29,132.4,63,11.25,255.2,98,11.48,14.1,5,3.81,0,False,0.43831933,0,High
OK,89,510,352-6976,no,no,0,303.9,95,51.66,260.9,114,22.18,312.1,89,14.04,5.3,3,1.43,1,True,0.027774325,0,Medium
CT,199,415,393-6733,no,yes,34,230.6,121,39.2,219.4,99,18.65,299.3,94,13.47,8.0,2,2.16,0,False,0.9998424,1,High
NE,132,510,335-1838,no,no,0,99.5,110,16.92,129.1,80,10.97,125.1,124,5.63,9.7,3,2.62,0,False,0.9998555,1,High
WI,94,510,355-6930,no,no,0,177.1,112,30.11,194.0,112,16.49,146.7,108,6.6,5.9,4,1.59,1,False,0.0023772449,0,Low
CT,96,415,387-5860,no,yes,37,172.7,93,29.36,120.1,116,10.21,216.1,86,9.72,10.3,5,2.78,5,True,0.0026696129,0,Low
WI,96,510,343-2605,no,yes,18,172.7,86,29.36,133.4,113,11.34,259.5,70,11.68,9.8,3,2.65,1,False,0.0005195952,0,Low
IN,166,510,350-6759,no,no,0,204.2,115,34.71,179.9,152,15.29,216.8,109,9.76,9.5,5,2.57,1,False,0.9810213,1,High
DC,74,415,371-1514,no,no,0,85.7,83,14.57,247.7,67,21.05,142.4,85,6.41,10.1,5,2.73,2,False,0.0062311585,0,Medium
AR,36,415,346-9317,no,no,0,157.6,117,26.79,184.3,58,15.67,240.4,99,10.82,11.9,1,3.21,0,False,0.029273326,0,Medium
ME,113,415,398-4313,no,no,0,215.5,129,36.64,218.7,117,18.59,207.1,91,9.32,6.6,9,1.78,4,False,0.08885916,0,High
MN,94,415,412-4399,no,no,0,181.5,98,30.86,199.9,88,16.99,287.7,114,12.95,6.6,5,1.78,1,False,0.023804672,0,Medium
MD,67,415,330-1835,no,no,0,171.7,80,29.19,110.4,81,9.38,195.4,111,8.79,11.9,4,3.21,2,False,0.022806095,0,Medium
FL,127,415,416-1676,no,no,0,266.6,106,45.32,264.8,168,22.51,207.2,119,9.32,5.9,2,1.59,1,True,0.43623218,0,High
RI,121,408,329-7347,no,no,0,170.4,108,28.97,350.5,68,29.79,297.0,87,13.37,11.2,3,3.02,0,True,0.004570498,0,Medium
IA,158,415,360-6868,no,no,0,158.0,106,26.86,292.5,114,24.86,241.1,89,10.85,9.1,4,2.46,1,False,0.00043451265,0,Low
AZ,136,510,405-6641,no,no,0,92.0,117,15.64,253.6,77,21.56,214.1,90,9.63,10.3,10,2.78,1,False,0.009004161,0,Medium
MO,196,415,393-2373,no,no,0,234.0,109,39.78,249.5,114,21.21,173.1,70,7.79,9.1,5,2.46,2,False,0.023635454,0,Medium
VT,113,415,419-1714,no,no,0,272.1,111,46.26,268.5,118,22.82,213.8,105,9.62,8.5,10,2.3,1,True,0.34303707,0,High
IN,122,408,336-3819,no,no,0,296.4,99,50.39,214.8,89,18.26,133.9,107,6.03,11.4,3,3.08,4,True,0.017024636,0,Medium
RI,112,510,341-3464,no,no,0,194.4,101,33.05,190.3,82,16.18,183.4,107,8.25,11.4,2,3.08,0,False,0.027004208,0,Medium
SD,209,415,413-5310,no,no,0,227.2,128,38.62,258.4,92,21.96,183.5,74,8.26,8.9,4,2.4,3,False,0.046772014,0,High
MN,62,415,366-7912,no,no,0,248.7,109,42.28,220.0,118,18.7,265.7,78,11.96,13.2,2,3.56,1,True,0.016906787,0,Medium
TX,110,415,399-8845,no,yes,38,236.3,102,40.17,195.9,112,16.65,183.5,82,8.26,9.7,6,2.62,1,False,0.0006164232,0,Low
VA,16,510,368-2583,no,no,0,205.6,69,34.95,169.5,93,14.41,220.1,64,9.9,10.9,3,2.94,0,False,0.034802083,0,High
MA,73,408,360-6309,no,no,0,94.1,136,16.0,280.3,122,23.83,205.0,77,9.23,9.8,4,2.65,0,False,0.015871951,0,Medium
ID,128,408,359-5890,no,no,0,125.2,99,21.28,205.4,107,17.46,254.4,111,11.45,18.9,2,5.1,0,False,0.0018751678,0,Low
MA,39,408,332-2462,no,no,0,60.4,158,10.27,306.2,120,26.03,123.9,46,5.58,12.4,3,3.35,1,False,0.0007970485,0,Low
GA,103,415,381-9196,no,yes,28,121.0,105,20.57,270.4,100,22.98,160.5,76,7.22,7.7,4,2.08,2,False,0.003972496,0,Medium
RI,119,415,329-3222,no,yes,29,117.8,66,20.03,256.8,114,21.83,147.6,76,6.64,7.6,3,2.05,3,False,0.00064582675,0,Low
ID,173,510,363-5819,no,yes,21,232.4,96,39.51,211.9,118,18.01,273.0,102,12.29,5.0,5,1.35,3,False,0.003385155,0,Low
SD,128,510,413-9269,yes,yes,32,223.5,81,38.0,188.8,74,16.05,154.9,101,6.97,9.4,2,2.54,2,True,0.0036483263,0,Low
MA,86,510,330-7483,no,no,0,176.3,79,29.97,259.2,97,22.03,287.4,78,12.93,6.2,3,1.67,0,False,0.020762796,0,Medium
WY,114,415,403-7775,no,yes,32,125.2,79,21.28,177.8,105,15.11,232.4,89,10.46,12.9,3,3.48,1,False,0.0048509333,0,Medium
VA,104,408,360-2479,no,no,0,138.7,107,23.58,256.9,113,21.84,234.9,74,10.57,10.0,3,2.7,0,False,0.0019115901,0,Low
OR,148,415,394-3791,no,no,0,86.3,134,14.67,246.6,92,20.96,251.6,91,11.32,11.3,4,3.05,1,False,0.0026921085,0,Low
VA,129,408,384-2632,no,no,0,207.0,91,35.19,154.9,121,13.17,245.1,112,11.03,13.4,5,3.62,3,False,0.469111,0,High
ME,100,510,359-8466,no,yes,30,58.8,104,10.0,219.5,107,18.66,152.3,118,6.85,7.1,3,1.92,0,False,0.007799805,0,Medium
AL,121,408,331-8909,no,yes,35,68.7,95,11.68,209.2,69,17.78,197.4,42,8.88,11.4,4,3.08,1,False,0.02659502,0,Medium
GA,143,408,359-5160,no,yes,33,239.2,109,40.66,235.5,112,20.02,156.3,95,7.03,9.5,4,2.57,1,False,0.08941996,0,High
IA,76,510,330-9833,no,no,0,198.3,130,33.71,217.1,86,18.45,188.4,96,8.48,12.5,3,3.38,0,False,0.5253777,1,High
AZ,158,510,362-2314,no,no,0,205.2,97,34.88,240.6,77,20.45,79.7,108,3.59,14.4,12,3.89,0,False,0.99993277,1,High
FL,116,510,338-8478,no,no,0,192.1,98,32.66,312.9,135,26.6,130.2,94,5.86,7.9,2,2.13,3,False,0.0042714053,0,Medium
MT,54,415,387-5453,no,no,0,272.6,83,46.34,248.7,74,21.14,197.4,111,8.88,9.5,2,2.57,1,True,0.31489077,0,High
AL,86,415,380-3437,no,no,0,128.3,121,21.81,197.1,93,16.75,138.4,152,6.23,12.2,5,3.29,7,True,0.17393357,0,High
DE,108,510,365-8779,no,no,0,169.6,99,28.83,264.1,87,22.45,206.3,78,9.28,9.3,4,2.51,0,False,0.010655305,0,Medium
MT,66,510,407-2750,no,no,0,201.3,95,34.22,152.8,66,12.99,233.2,101,10.49,7.5,4,2.03,1,False,0.0019373667,0,Low
KY,151,408,396-8265,no,yes,17,214.7,97,36.5,138.5,90,11.77,169.1,44,7.61,8.6,4,2.32,1,False,0.001356843,0,Low
SC,99,510,397-4304,no,no,0,169.2,70,28.76,271.5,77,23.08,170.2,104,7.66,10.6,2,2.86,0,False,0.014253641,0,Medium
WA,55,415,333-2611,no,no,0,194.1,121,33.0,176.6,110,15.01,302.8,136,13.63,7.0,7,1.89,2,False,0.0015149885,0,Low
OR,77,510,409-8814,no,no,0,233.8,104,39.75,266.5,94,22.65,212.7,104,9.57,7.6,3,2.05,2,False,0.00025930084,0,Low
AK,78,408,336-5406,no,no,0,225.1,67,38.27,199.2,127,16.93,175.5,102,7.9,14.6,2,3.94,0,False,0.0010155811,0,Low
GA,89,415,343-6940,no,no,0,213.0,63,36.21,176.6,71,15.01,262.6,126,11.82,9.1,1,2.46,1,True,0.17414674,0,High
MN,101,415,361-9923,no,no,0,183.9,115,31.26,255.9,101,21.75,275.0,145,12.38,10.8,11,2.92,1,False,0.03288611,0,High
IL,44,415,350-6639,no,yes,34,221.8,105,37.71,161.7,85,13.74,227.7,62,10.25,14.0,7,3.78,0,False,0.0048873047,0,Medium
IN,98,408,376-4300,no,yes,21,64.6,98,10.98,176.1,86,14.97,244.8,84,11.02,0.0,0,0.0,2,False,0.0060086627,0,Medium
SC,64,510,349-6567,no,yes,37,154.6,92,26.28,83.4,103,7.09,165.9,99,7.47,13.3,3,3.59,1,False,0.026897917,0,Medium
VA,141,415,333-7749,no,no,0,260.2,131,44.23,179.2,120,15.23,135.0,119,6.08,7.2,8,1.94,3,False,0.11685224,0,High
WI,81,415,408-6089,no,yes,33,161.6,117,27.47,123.0,90,10.46,261.3,101,11.76,12.2,5,3.29,1,False,0.004747968,0,Medium
VT,162,510,375-2165,no,no,0,220.6,117,37.5,155.2,121,13.19,186.7,89,8.4,10.5,11,2.84,1,False,0.0028660232,0,Low
AZ,83,415,400-6999,no,yes,41,155.9,122,26.5,162.3,107,13.8,127.6,105,5.74,13.1,5,3.54,3,False,0.00065407663,0,Low
FL,100,510,420-7823,no,no,0,107.0,63,18.19,105.7,67,8.98,243.1,74,10.94,12.8,3,3.46,4,True,0.25897616,0,High
AK,59,510,366-5241,no,no,0,182.5,104,31.03,204.7,95,17.4,229.9,100,10.35,11.3,8,3.05,4,False,0.008311792,0,Medium
AR,179,415,413-3412,yes,yes,38,220.1,78,37.42,234.3,71,19.92,237.3,85,10.68,10.1,4,2.73,4,False,0.009176328,0,Medium
AR,79,408,406-2752,no,no,0,152.2,112,25.87,177.2,132,15.06,96.4,87,4.34,5.3,3,1.43,1,False,0.16460776,0,High
AK,117,415,337-8078,no,no,0,181.5,95,30.86,205.1,88,17.43,204.0,82,9.18,14.7,9,3.97,2,False,0.057829726,0,High
MS,64,408,402-1942,yes,no,0,236.2,77,40.15,218.6,85,18.58,194.1,97,8.73,13.2,2,3.56,2,True,0.006074916,0,Medium
ME,31,415,371-7917,no,no,0,166.1,105,28.24,79.3,93,6.74,213.7,98,9.62,12.7,2,3.43,1,False,0.026212685,0,Medium
CA,124,408,343-6374,yes,no,0,244.6,89,41.58,188.8,80,16.05,206.0,114,9.27,11.3,4,3.05,1,False,0.0009505289,0,Low
NM,122,408,385-8730,no,yes,23,134.2,85,22.81,227.3,132,19.32,122.4,96,5.51,8.5,2,2.3,2,False,0.00015387182,0,Low
NE,37,408,393-7892,yes,yes,39,149.7,122,25.45,211.1,75,17.94,114.3,90,5.14,9.2,4,2.48,1,False,0.023087913,0,Medium
SC,90,408,407-6748,no,yes,29,150.1,109,25.52,264.7,103,22.5,178.4,97,8.03,5.8,4,1.57,1,False,0.052483544,0,High
CO,159,408,341-4463,yes,no,0,257.1,53,43.71,312.2,127,26.54,183.0,82,8.24,8.8,6,2.38,1,True,0.00030941408,0,Low
DE,148,415,351-2587,no,no,0,124.4,83,21.15,179.7,81,15.27,253.0,99,11.39,11.3,6,3.05,0,False,0.004682789,0,Medium
OH,39,415,421-9752,no,yes,36,141.7,121,24.09,232.3,113,19.75,222.1,131,9.99,12.0,5,3.24,1,False,0.0032457768,0,Low
MS,77,408,356-4001,no,no,0,230.0,87,39.1,103.2,138,8.77,309.6,136,13.93,11.3,3,3.05,2,False,0.05653019,0,High
OK,194,408,328-9869,no,no,0,162.3,88,27.59,213.7,118,18.16,192.1,81,8.64,10.9,2,2.94,0,False,0.07073214,0,High
CO,154,415,343-5709,no,no,0,350.8,75,59.64,216.5,94,18.4,253.9,100,11.43,10.1,9,2.73,1,True,0.10657033,0,High
NC,112,415,334-1872,no,no,0,193.3,96,32.86,264.1,123,22.45,128.6,115,5.79,9.1,3,2.46,4,False,0.0002790204,0,Low
MD,45,415,350-1040,no,no,0,78.2,127,13.29,253.4,108,21.54,255.0,100,11.48,18.0,3,4.86,1,False,0.033877075,0,High
KS,132,415,369-3214,no,no,0,83.4,110,14.18,232.2,137,19.74,146.7,114,6.6,7.6,5,2.05,1,False,0.02208921,0,Medium
MA,128,415,385-6778,no,no,0,195.6,99,33.25,267.8,120,22.76,164.9,76,7.42,16.0,2,4.32,0,False,0.0015798197,0,Low
NC,135,415,383-7689,no,no,0,201.8,81,34.31,225.0,114,19.13,204.4,82,9.2,10.3,6,2.78,1,False,0.80615646,1,High
NM,56,408,385-5722,no,no,0,197.0,110,33.49,222.8,102,18.94,225.3,91,10.14,10.6,6,2.86,2,False,0.032217696,0,High
CA,151,415,357-1909,yes,no,0,218.0,57,37.06,114.4,88,9.72,269.2,95,12.11,12.4,1,3.35,0,True,0.071885794,0,High
NY,32,415,364-3567,no,no,0,164.8,98,28.02,229.9,96,19.54,167.3,108,7.53,14.8,2,4.0,2,False,0.003515916,0,Low
AZ,90,415,422-4241,no,no,0,179.2,77,30.46,210.7,99,17.91,276.9,58,12.46,9.2,6,2.48,2,False,0.0003361851,0,Low
SD,87,415,370-2957,no,yes,21,214.0,113,36.38,180.0,114,15.3,134.5,82,6.05,10.6,5,2.86,0,False,0.0005082679,0,Low
DC,138,415,329-6562,no,no,0,170.5,87,28.99,118.2,116,10.05,187.9,111,8.46,11.2,7,3.02,2,False,0.6630572,1,High
ND,79,408,363-3515,no,no,0,205.7,123,34.97,214.5,108,18.23,226.1,106,10.17,6.7,18,1.81,1,False,0.56679255,1,High
MO,95,415,374-7787,yes,no,0,165.5,84,28.14,286.2,112,24.33,198.9,89,8.95,11.5,2,3.11,1,True,0.0016204185,0,Low
KS,127,415,345-2931,no,no,0,221.0,100,37.57,160.7,113,13.66,233.1,96,10.49,6.8,4,1.84,2,False,0.033283483,0,High
SD,137,510,373-5732,no,no,0,242.1,118,41.16,191.0,93,16.24,218.6,50,9.84,14.7,2,3.97,3,False,0.027336467,0,Medium
OK,97,415,348-7437,no,no,0,151.6,107,25.77,155.4,96,13.21,240.0,112,10.8,14.7,4,3.97,1,False,0.00017816848,0,Low
OR,149,415,332-9460,yes,no,0,176.2,87,29.95,145.0,81,12.33,249.5,92,11.23,5.7,4,1.54,0,False,0.00049345446,0,Low
IN,117,415,355-6531,yes,yes,22,196.0,82,33.32,322.7,82,27.43,225.6,120,10.15,3.7,5,1.0,1,False,0.05810389,0,High
OH,84,408,336-9390,no,no,0,159.5,125,27.12,247.1,90,21.0,187.9,82,8.46,7.2,4,1.94,2,False,0.022087382,0,Medium
KS,137,415,346-8581,no,no,0,230.2,113,39.13,220.4,79,18.73,204.7,111,9.21,10.7,7,2.89,4,False,0.00024629696,0,Low
CT,99,415,363-8824,no,no,0,146.7,64,24.94,274.0,99,23.29,321.3,98,14.46,8.9,1,2.4,3,False,0.5784528,1,High
NH,54,510,353-3351,no,no,0,210.5,102,35.79,204.5,83,17.38,127.8,53,5.75,8.5,5,2.3,1,False,0.06293414,0,High
WI,85,415,360-4320,no,no,0,102.0,95,17.34,270.2,139,22.97,148.2,105,6.67,10.7,3,2.89,1,False,0.0005827051,0,Low
MS,150,510,417-6252,no,no,0,126.0,99,21.42,238.5,73,20.27,285.1,100,12.83,10.2,6,2.75,3,False,0.003337646,0,Low
WV,43,415,393-4949,no,no,0,168.4,125,28.63,243.8,89,20.72,214.7,102,9.66,11.1,2,3.0,1,False,0.0040431493,0,Medium
MA,35,415,401-3156,no,no,0,105.6,129,17.95,258.2,129,21.95,213.1,77,9.59,8.7,3,2.35,0,False,0.0095324395,0,Medium
MD,98,415,338-6283,no,no,0,206.5,92,35.11,176.2,152,14.98,232.8,115,10.48,12.4,5,3.35,5,False,0.034399915,0,High
PA,112,510,352-9017,no,no,0,217.1,76,36.91,205.2,100,17.44,185.7,91,8.36,9.4,3,2.54,2,False,6.0245875e-05,0,Low
WI,16,510,405-5305,no,no,0,229.6,78,39.03,205.7,108,17.48,166.2,91,7.48,10.8,2,2.92,0,True,0.0015177412,0,Low
TN,98,415,376-9249,no,yes,22,278.3,89,47.31,93.4,143,7.94,107.6,42,4.84,9.7,5,2.62,0,False,0.0060269916,0,Medium
TX,84,408,339-7139,no,no,0,138.6,102,23.56,199.0,93,16.92,204.1,137,9.18,7.8,4,2.11,0,False,0.44615823,0,High
OR,94,415,328-6011,no,no,0,234.4,103,39.85,279.3,109,23.74,234.2,121,10.54,2.0,2,0.54,1,True,0.07226453,0,High
IL,84,510,378-1303,no,no,0,181.5,129,30.86,130.7,112,11.11,186.5,118,8.39,8.5,4,2.3,1,False,0.9501051,1,High
DC,66,415,402-5155,no,no,0,167.3,91,28.44,230.0,68,19.55,191.7,118,8.63,10.6,5,2.86,1,True,0.77264315,1,High
GA,98,415,333-5430,no,yes,31,121.0,105,20.57,218.9,98,18.61,226.7,110,10.2,12.0,1,3.24,1,False,0.003672652,0,Medium
ID,74,415,365-9696,no,no,0,221.1,124,37.59,110.8,94,9.42,240.1,112,10.8,10.6,3,2.86,0,False,0.11874791,0,High
UT,96,408,410-4023,no,yes,26,145.8,108,24.79,192.2,89,16.34,165.1,96,7.43,9.9,2,2.67,1,False,0.07709511,0,High
KY,119,510,411-7649,no,no,0,222.8,122,37.88,163.2,107,13.87,160.6,112,7.23,11.2,6,3.02,1,False,0.93930036,1,High
OH,73,415,338-4065,no,no,0,183.4,80,31.18,242.0,115,20.57,201.4,100,9.06,7.5,3,2.03,4,False,0.9814649,1,High
WI,92,415,421-9401,yes,no,0,264.3,91,44.93,160.9,115,13.68,198.6,73,8.94,9.3,5,2.51,0,False,0.026806552,0,Medium
IL,21,415,343-9658,no,no,0,146.0,78,24.82,109.7,79,9.32,247.4,108,11.13,6.8,7,1.84,0,False,0.0024502117,0,Low
DE,122,510,332-5521,no,no,0,157.1,134,26.71,184.9,122,15.72,197.2,59,8.87,8.5,5,2.3,4,True,0.0009671293,0,Low
RI,133,510,349-4369,yes,no,0,127.3,108,21.64,251.3,81,21.36,135.0,88,6.08,10.3,3,2.78,1,False,0.008937794,0,Medium
TX,145,415,351-4288,no,no,0,187.9,110,31.94,197.0,117,16.75,167.0,108,7.52,4.8,4,1.3,2,False,0.10605152,0,High
OR,25,408,422-5874,no,no,0,178.8,90,30.4,141.2,72,12.0,203.0,99,9.14,8.4,5,2.27,2,False,0.0455471,0,High
NV,64,415,396-2324,no,no,0,97.2,80,16.52,186.2,90,15.83,189.0,92,8.5,10.4,6,2.81,2,False,0.00047989155,0,Low
NE,85,415,416-5662,no,no,0,259.8,85,44.17,242.3,117,20.6,168.8,72,7.6,5.4,1,1.46,0,False,9.684066e-05,0,Low
MS,126,415,363-9663,no,no,0,256.5,112,43.61,199.5,90,16.96,188.3,122,8.47,7.0,5,1.89,3,False,0.005974683,0,Medium
OR,76,415,410-9477,no,no,0,169.5,77,28.82,124.0,87,10.54,219.4,92,9.87,10.0,3,2.7,0,False,0.011100981,0,Medium
DE,113,415,352-4418,no,no,0,239.7,47,40.75,282.9,110,24.05,238.4,88,10.73,8.7,3,2.35,2,True,0.0122546125,0,Medium
DE,224,510,361-6563,yes,no,0,171.5,99,29.16,160.0,103,13.6,212.4,102,9.56,5.0,2,1.35,1,True,0.0008940209,0,Low
AZ,117,408,417-4404,no,no,0,239.9,84,40.78,174.8,106,14.86,209.5,93,9.43,9.8,2,2.65,0,False,0.00044803726,0,Low
SD,128,408,372-8048,no,yes,34,142.3,73,24.19,194.8,79,16.56,239.3,81,10.77,16.0,6,4.32,1,False,0.00044493013,0,Low
NV,115,415,356-3646,no,no,0,184.1,98,31.3,327.0,73,27.8,212.5,106,9.56,7.5,6,2.03,2,False,0.3594423,0,High
NM,141,415,351-9604,no,yes,28,206.9,126,35.17,264.4,126,22.47,171.8,124,7.73,9.3,11,2.51,2,False,0.10766707,0,High
MN,51,510,355-9581,no,no,0,259.9,114,44.18,176.2,94,14.98,77.2,112,3.47,15.3,1,4.13,1,False,0.0052634557,0,Medium
NJ,100,415,396-5189,no,no,0,203.8,122,34.65,283.1,76,24.06,197.3,83,8.88,12.5,3,3.38,0,False,0.9957415,1,High
IN,96,415,356-9187,no,yes,45,248.8,124,42.3,140.3,77,11.93,263.6,102,11.86,10.3,2,2.78,3,False,0.0023373999,0,Low
DC,112,415,394-5537,no,yes,16,221.6,110,37.67,130.2,123,11.07,200.0,108,9.0,11.3,3,3.05,1,False,0.016481983,0,Medium
MA,129,510,408-2712,yes,no,0,192.9,131,32.79,185.5,101,15.77,205.2,130,9.23,10.9,4,2.94,1,False,0.36856484,0,High
ME,163,415,404-4486,no,no,0,122.4,129,20.81,113.4,108,9.64,180.2,97,8.11,12.5,7,3.38,1,False,0.99999917,1,High
NH,67,415,355-1113,no,yes,40,104.9,65,17.83,216.3,93,18.39,217.4,128,9.78,9.6,9,2.59,1,False,0.0070554186,0,Medium
AZ,140,408,411-4674,no,no,0,173.2,91,29.44,196.8,106,16.73,209.3,128,9.42,11.2,5,3.02,3,False,0.18203971,0,High
OR,49,510,376-4519,no,no,0,119.4,69,20.3,273.3,92,23.23,214.4,153,9.65,12.4,7,3.35,2,False,0.004630094,0,Medium
KS,46,510,365-5979,no,no,0,250.3,100,42.55,260.6,90,22.15,195.0,104,8.78,13.3,2,3.59,2,True,9.858601e-05,0,Low
NE,148,415,382-2879,no,no,0,178.3,98,30.31,282.6,110,24.02,181.0,98,8.15,11.4,4,3.08,1,False,0.044084612,0,High
MI,112,510,420-1383,no,no,0,243.4,77,41.38,182.1,97,15.48,259.2,94,11.66,12.8,2,3.46,1,False,0.03825555,0,High
SC,78,415,411-7390,no,no,0,155.0,106,26.35,175.3,101,14.9,155.6,125,7.0,11.8,5,3.19,2,False,0.00014086899,0,Low
PA,61,408,383-8848,no,yes,31,288.7,101,49.08,203.8,102,17.32,203.2,49,9.14,8.6,3,2.32,0,False,0.003338187,0,Low
MT,58,510,387-9301,no,yes,29,240.4,80,40.87,118.9,91,10.11,164.2,108,7.39,11.2,3,3.02,1,False,0.076002546,0,High
NM,155,415,399-3164,no,no,0,190.3,123,32.35,301.3,96,25.61,214.6,134,9.66,8.0,3,2.16,1,False,0.35876754,0,High
OH,100,510,385-8997,no,no,0,278.0,76,47.26,176.7,74,15.02,219.5,126,9.88,8.3,4,2.24,0,True,0.0011196384,0,Low
WY,113,510,352-6573,no,no,0,155.0,93,26.35,330.6,106,28.1,189.4,123,8.52,13.5,3,3.65,1,False,0.0038222224,0,Medium
MI,81,415,408-3384,no,no,0,153.5,99,26.1,197.6,102,16.8,198.5,86,8.93,6.3,2,1.7,2,False,0.008419022,0,Medium
AR,135,510,419-6033,no,yes,27,273.4,141,46.48,154.0,99,13.09,245.8,112,11.06,12.3,6,3.32,1,False,0.0013596293,0,Low
FL,99,408,336-2090,no,no,0,155.3,93,26.4,265.7,95,22.58,145.7,67,6.56,12.4,4,3.35,0,False,0.057387404,0,High
AR,59,510,343-7242,no,yes,29,133.1,114,22.63,221.2,82,18.8,131.6,103,5.92,6.8,3,1.84,1,False,0.0082410965,0,Medium
MO,135,510,376-1713,no,no,0,246.8,129,41.96,187.8,121,15.96,154.5,109,6.95,12.6,5,3.4,1,False,0.010957531,0,Medium
WI,85,408,381-5878,yes,no,0,165.4,107,28.12,196.0,126,16.66,349.2,110,15.71,9.6,7,2.59,2,False,0.0029304384,0,Low
TX,70,510,390-5470,no,no,0,59.5,103,10.12,257.2,106,21.86,208.3,86,9.37,11.1,6,3.0,0,False,0.9825004,1,High
TX,88,510,414-4803,no,no,0,138.3,116,23.51,236.0,138,20.06,179.1,110,8.06,9.6,4,2.59,3,False,0.0020420542,0,Low
NM,55,510,382-5478,no,no,0,286.7,100,48.74,134.4,121,11.42,192.9,122,8.68,6.9,5,1.86,2,False,0.028278984,0,Medium
GA,75,415,333-7637,no,no,0,117.3,114,19.94,201.1,61,17.09,107.9,82,4.86,12.2,3,3.29,1,False,0.026952425,0,Medium
ID,79,510,341-1647,no,yes,21,264.3,79,44.93,202.8,118,17.24,173.4,92,7.8,6.3,3,1.7,4,False,0.02544803,0,Medium
AL,85,408,411-4232,no,no,0,127.9,107,21.74,271.2,124,23.05,202.2,76,9.1,12.5,5,3.38,0,False,0.0035205919,0,Low
KS,86,408,339-2616,no,yes,23,225.5,107,38.34,246.3,105,20.94,245.7,81,11.06,9.8,2,2.65,0,False,0.1617696,0,High
SD,91,510,327-3850,no,no,0,149.0,115,25.33,245.3,105,20.85,260.0,94,11.7,8.3,3,2.24,0,False,0.09985742,0,High
LA,149,415,328-7209,no,yes,20,198.9,77,33.81,274.0,88,23.29,190.7,76,8.58,14.3,9,3.86,1,False,0.84454256,1,High
OH,97,408,405-6189,no,no,0,256.4,125,43.59,273.9,100,23.28,222.7,101,10.02,11.1,1,3.0,1,True,0.035554297,0,High
MA,88,415,418-6737,no,no,0,264.8,124,45.02,245.4,112,20.86,160.5,115,7.22,14.8,2,4.0,1,True,0.023016974,0,Medium
AZ,60,415,366-2212,no,no,0,98.2,88,16.69,180.5,69,15.34,223.6,69,10.06,9.3,2,2.51,2,False,0.16811828,0,High
KY,54,408,356-1420,no,no,0,159.8,99,27.17,264.0,64,22.44,115.7,70,5.21,9.7,7,2.62,2,False,0.00023814222,0,Low
DC,11,415,343-1323,no,yes,28,190.6,86,32.4,220.1,122,18.71,180.3,80,8.11,6.0,3,1.62,3,False,0.0002232211,0,Low
WA,109,415,361-8239,no,no,0,184.0,120,31.28,120.4,119,10.23,153.7,86,6.92,11.0,3,2.97,0,False,0.04057333,0,High
UT,90,415,384-1621,no,no,0,261.8,128,44.51,220.6,104,18.75,136.6,91,6.15,9.6,5,2.59,1,False,0.06446986,0,High
RI,115,408,360-3525,no,no,0,147.9,109,25.14,228.4,117,19.41,299.7,90,13.49,9.6,9,2.59,3,False,0.0016176607,0,Low
OH,144,415,392-3813,no,yes,18,106.4,109,18.09,108.1,113,9.19,208.4,111,9.38,10.1,5,2.73,1,False,0.02206048,0,Medium
NV,91,408,337-6898,no,no,0,133.7,75,22.73,195.3,87,16.6,280.5,89,12.62,5.9,2,1.59,0,False,0.0021802576,0,Low
ND,105,415,366-8036,no,yes,23,193.5,85,32.9,220.2,90,18.72,272.4,111,12.26,8.5,5,2.3,0,False,0.11064812,0,High
NV,71,415,352-8327,yes,no,0,178.2,113,30.29,167.8,94,14.26,182.1,111,8.19,13.6,3,3.67,3,True,0.00042918616,0,Low
FL,132,510,334-9505,no,yes,36,226.2,103,38.45,181.6,125,15.44,258.8,102,11.65,10.5,5,2.84,3,True,0.080254756,0,High
MD,112,415,336-5702,no,no,0,170.4,103,28.97,200.2,71,17.02,258.3,100,11.62,11.6,4,3.13,1,False,0.00077723345,0,Low
AZ,86,415,392-2381,no,yes,32,70.9,163,12.05,166.7,121,14.17,244.9,105,11.02,11.1,5,3.0,3,False,0.05903345,0,High
AL,41,510,369-6880,no,yes,34,194.4,63,33.05,254.9,110,21.67,160.2,115,7.21,17.2,9,4.64,2,False,0.8386298,1,High
NE,44,415,416-8697,no,no,0,240.3,146,40.85,164.6,83,13.99,240.7,106,10.83,10.6,2,2.86,1,False,0.0011704537,0,Low
NV,78,408,345-3451,no,no,0,75.0,116,12.75,248.7,87,21.14,176.0,83,7.92,9.5,6,2.57,3,False,0.0067042313,0,Medium
IL,149,408,379-2514,no,no,0,69.1,117,11.75,136.3,100,11.59,181.7,53,8.18,6.3,3,1.7,1,False,0.00050192344,0,Low
WV,72,510,418-6651,no,yes,33,96.6,59,16.42,315.4,98,26.81,163.3,117,7.35,6.2,4,1.67,4,True,0.0017118704,0,Low
MI,139,415,421-3528,no,yes,20,214.6,101,36.48,235.1,132,19.98,162.8,132,7.33,14.8,12,4.0,0,False,0.8759182,1,High
AR,74,510,329-9046,no,no,0,148.5,111,25.25,146.5,42,12.45,289.2,83,13.01,9.9,6,2.67,3,False,0.01693763,0,Medium
UT,50,510,406-3890,no,no,0,258.1,106,43.88,161.4,106,13.72,225.1,110,10.13,11.7,5,3.16,1,False,0.0055211294,0,Medium
GA,141,510,403-8904,no,yes,23,149.7,112,25.45,162.5,118,13.81,220.3,115,9.91,7.6,2,2.05,3,False,0.00051971164,0,Low
AZ,140,408,393-4086,no,no,0,149.8,134,25.47,164.4,98,13.97,294.7,124,13.26,8.1,2,2.19,1,False,0.03021447,0,Medium
ID,99,408,400-1367,no,no,0,190.4,102,32.37,158.1,107,13.44,271.5,92,12.22,11.2,4,3.02,2,False,0.0040388927,0,Medium
HI,166,408,377-9473,no,no,0,181.4,108,30.84,253.8,54,21.57,112.3,94,5.05,11.6,6,3.13,1,False,0.028775197,0,Medium
NV,124,408,396-3068,no,no,0,151.1,123,25.69,187.4,104,15.93,255.4,93,11.49,5.3,3,1.43,1,False,0.006048485,0,Medium
MD,74,415,331-9293,no,no,0,155.7,116,26.47,173.7,63,14.76,257.4,97,11.58,8.1,4,2.19,0,False,0.006360517,0,Medium
GA,117,510,347-1914,no,no,0,149.9,95,25.48,256.1,110,21.77,212.7,92,9.57,13.3,13,3.59,2,False,0.0027195946,0,Low
GA,85,510,395-1962,no,no,0,222.3,132,37.79,231.5,101,19.68,223.5,75,10.06,11.0,2,2.97,3,False,0.030327806,0,Medium
UT,36,415,401-5485,no,yes,16,149.4,111,25.4,131.8,113,11.2,132.7,87,5.97,6.7,2,1.81,0,False,0.0096579725,0,Medium
MA,102,510,355-6560,yes,no,0,233.8,103,39.75,221.6,131,18.84,146.9,106,6.61,12.8,3,3.46,0,False,0.022511497,0,Medium
IN,76,415,363-3911,no,no,0,204.2,100,34.71,292.6,139,24.87,244.3,105,10.99,10.5,2,2.84,0,False,0.002563163,0,Low
VT,165,510,345-1998,no,no,0,242.9,126,41.29,209.8,65,17.83,228.4,126,10.28,0.0,0,0.0,1,False,0.0035759946,0,Low
IA,130,415,361-5277,no,no,0,150.4,119,25.57,230.5,99,19.59,186.3,76,8.38,12.3,4,3.32,1,False,0.008467077,0,Medium
IN,78,415,376-7145,no,no,0,208.9,119,35.51,252.4,132,21.45,280.2,120,12.61,12.8,7,3.46,0,False,0.012237454,0,Medium
AL,55,415,375-2975,yes,no,0,191.9,91,32.62,256.1,110,21.77,203.7,101,9.17,14.3,6,3.86,1,True,0.00043312542,0,Low
ME,92,415,376-8573,yes,no,0,130.7,113,22.22,260.6,122,22.15,244.2,98,10.99,9.4,2,2.54,2,True,0.0033716306,0,Low
RI,129,415,366-7360,no,yes,33,119.6,104,20.33,278.7,88,23.69,263.4,175,11.85,5.9,2,1.59,2,False,0.0009809667,0,Low
MD,18,408,347-7898,no,no,0,273.6,93,46.51,114.6,116,9.74,250.6,120,11.28,8.2,4,2.21,1,False,0.062392026,0,High
FL,161,415,390-7328,yes,no,0,156.1,114,26.54,180.3,63,15.33,179.6,115,8.08,11.1,9,3.0,2,False,0.014969379,0,Medium
CA,93,415,356-5491,no,yes,36,178.7,134,30.38,178.6,102,15.18,126.8,82,5.71,8.0,4,2.16,2,False,0.3645274,0,High
AL,144,415,373-3251,no,no,0,177.5,93,30.18,287.4,75,24.43,180.5,118,8.12,11.9,3,3.21,2,False,0.0009771795,0,Low
ME,75,408,343-1965,yes,no,0,211.3,61,35.92,105.6,119,8.98,175.9,63,7.92,9.7,4,2.62,4,True,0.0015004298,0,Low
WV,95,415,378-8019,no,no,0,175.2,91,29.78,244.4,109,20.77,75.8,95,3.41,7.5,2,2.03,1,False,0.065175876,0,High
SD,126,415,386-1548,no,yes,23,114.3,102,19.43,190.3,103,16.18,240.4,111,10.82,12.6,7,3.4,3,False,0.00063128315,0,Low
FL,124,415,397-1649,no,yes,28,251.4,104,42.74,225.1,89,19.13,251.9,121,11.34,7.5,5,2.03,1,False,0.002841073,0,Low
MI,93,415,366-7247,yes,no,0,216.9,61,36.87,207.4,120,17.63,221.7,110,9.98,17.5,5,4.73,1,True,0.075684756,0,High
MI,109,415,402-9691,yes,yes,26,217.2,138,36.92,145.5,111,12.37,280.7,76,12.63,9.3,3,2.51,0,False,0.060712583,0,High
NM,80,510,334-9806,no,no,0,206.3,97,35.07,154.9,98,13.17,263.6,82,11.86,12.4,12,3.35,0,False,0.09114232,0,High
AK,41,415,378-7733,no,no,0,159.3,66,27.08,125.9,75,10.7,261.9,76,11.79,11.1,5,3.0,1,False,0.00438861,0,Medium
OH,136,415,407-2248,no,yes,31,143.1,88,24.33,236.6,65,20.11,227.8,120,10.25,11.4,5,3.08,2,False,0.01661378,0,Medium
MO,92,415,405-3916,no,no,0,154.0,122,26.18,329.8,88,28.03,288.0,117,12.96,5.6,2,1.51,3,True,0.33686724,0,High
KS,143,408,407-2081,no,yes,24,186.6,69,31.72,222.0,116,18.87,234.9,138,10.57,11.6,5,3.13,1,False,9.103313e-06,0,Low
MS,118,415,397-9148,no,yes,26,170.8,114,29.04,199.5,125,16.96,169.7,98,7.64,9.6,5,2.59,5,True,0.086562045,0,High
VT,193,408,415-4857,no,yes,17,124.0,102,21.08,202.9,81,17.25,205.1,129,9.23,12.3,3,3.32,1,False,0.002075403,0,Low
NE,73,415,354-7314,no,no,0,198.3,94,33.71,279.3,101,23.74,146.2,87,6.58,14.8,8,4.0,3,False,0.0029854337,0,Low
VA,62,408,346-5611,no,no,0,172.8,101,29.38,204.8,97,17.41,240.8,90,10.84,9.1,8,2.46,2,False,0.00042693026,0,Low
DE,30,415,349-4703,no,yes,30,217.4,74,36.96,213.8,86,18.17,227.2,104,10.22,6.6,3,1.78,0,False,0.050529897,0,High
AL,60,408,411-7778,yes,yes,29,265.9,113,45.2,215.8,94,18.34,108.1,82,4.86,14.0,12,3.78,0,True,0.0039095427,0,Medium
ID,148,510,421-1469,no,yes,14,93.6,137,15.91,193.8,72,16.47,144.9,84,6.52,17.5,5,4.73,1,False,0.97751164,1,High
MS,96,510,420-5990,no,no,0,98.2,100,16.69,307.2,88,26.11,182.5,120,8.21,7.6,1,2.05,2,False,0.87076783,1,High
OK,52,408,389-4780,no,no,0,214.7,68,36.5,158.6,138,13.48,123.4,114,5.55,9.4,4,2.54,2,False,0.0010266976,0,Low
NM,87,415,357-2735,no,no,0,168.2,92,28.59,224.7,100,19.1,169.5,99,7.63,12.9,3,3.48,1,False,0.008982419,0,Medium
WI,41,408,409-4791,no,no,0,202.9,97,34.49,153.8,104,13.07,113.5,92,5.11,9.0,3,2.43,3,False,0.010741658,0,Medium
WV,112,415,380-5286,no,no,0,261.4,108,44.44,154.5,102,13.13,130.9,90,5.89,11.6,2,3.13,1,False,0.42315224,0,High
SC,88,510,394-8402,no,no,0,73.3,86,12.46,161.4,82,13.72,239.6,76,10.78,8.2,3,2.21,4,True,0.00084563287,0,Low
KY,122,408,392-1616,no,yes,27,253.7,84,43.13,229.2,109,19.48,190.5,123,8.57,9.2,5,2.48,7,False,0.66047806,1,High
MO,61,408,364-1969,no,no,0,45.0,108,7.65,151.3,74,12.86,152.9,94,6.88,9.8,6,2.65,2,False,0.0067713736,0,Medium
IL,87,510,390-4152,no,no,0,231.3,105,39.32,171.7,108,14.59,67.7,136,3.05,13.0,6,3.51,1,False,0.9999894,1,High
OK,176,408,367-7039,no,no,0,47.4,125,8.06,167.8,90,14.26,163.1,107,7.34,10.5,8,2.84,2,False,0.19507596,0,High
MI,30,510,391-6607,no,no,0,227.4,88,38.66,182.5,100,15.51,191.7,134,8.63,12.5,3,3.38,0,False,0.036662083,0,High
NJ,95,415,379-6652,no,yes,22,40.9,126,6.95,133.4,90,11.34,264.2,91,11.89,11.9,7,3.21,0,False,0.93099844,1,High
ID,46,415,384-1833,no,no,0,124.8,133,21.22,157.3,143,13.37,199.3,72,8.97,8.6,4,2.32,2,False,0.021107003,0,Medium
DC,100,510,403-2455,yes,no,0,68.5,110,11.65,337.1,115,28.65,205.2,99,9.23,12.1,9,3.27,0,False,0.0014680743,0,Low
NY,47,415,391-1348,no,yes,37,163.5,77,27.8,203.1,102,17.26,232.0,87,10.44,7.8,4,2.11,2,False,0.70453286,1,High
AL,77,415,408-4174,no,no,0,163.0,112,27.71,219.1,89,18.62,233.4,66,10.5,6.7,3,1.81,2,False,0.0073936153,0,Medium
OR,98,415,366-4334,no,yes,38,213.7,61,36.33,253.0,104,21.51,207.7,73,9.35,10.7,5,2.89,2,False,0.0001558866,0,Low
OK,125,415,406-5059,no,yes,36,201.3,117,34.22,42.2,78,3.59,125.7,104,5.66,5.4,3,1.46,1,False,0.001055752,0,Low
LA,67,510,373-6784,no,no,0,310.4,97,52.77,66.5,123,5.65,246.5,99,11.09,9.2,10,2.48,4,False,0.07279388,0,High
NE,194,408,408-3532,no,no,0,48.4,101,8.23,281.1,138,23.89,218.5,87,9.83,18.2,1,4.91,1,False,0.07227914,0,High
TX,128,415,350-8680,no,yes,40,171.2,88,29.1,145.7,109,12.38,196.8,93,8.86,14.0,6,3.78,1,False,0.004902979,0,Medium
UT,190,415,398-9870,no,yes,22,166.5,93,28.31,183.0,92,15.56,121.0,102,5.44,8.5,3,2.3,0,False,0.1396949,0,High
OR,165,415,343-3356,no,no,0,216.6,126,36.82,190.8,104,16.22,224.7,123,10.11,12.4,8,3.35,0,False,0.0016871971,0,Low
NY,59,408,415-4609,no,no,0,107.8,113,18.33,216.6,125,18.41,217.5,92,9.79,9.9,3,2.67,2,False,0.002172021,0,Low
AL,47,408,404-5387,no,yes,28,141.3,94,24.02,168.0,108,14.28,113.5,84,5.11,7.8,2,2.11,1,False,0.0009377501,0,Low
RI,150,415,415-8151,no,yes,29,209.9,77,35.68,158.0,52,13.43,141.9,113,6.39,6.6,1,1.78,0,False,0.015150836,0,Medium
MN,152,415,416-2778,yes,yes,20,237.5,120,40.38,253.4,94,21.54,265.2,80,11.93,14.2,3,3.83,9,True,0.98816085,1,High
NC,26,415,393-3300,no,no,0,234.5,109,39.87,216.5,129,18.4,191.6,94,8.62,3.5,6,0.95,3,False,0.001530031,0,Low
MD,79,510,391-7661,no,yes,31,103.1,90,17.53,243.0,135,20.66,76.4,92,3.44,12.2,8,3.29,3,False,0.03050629,0,Medium
RI,95,510,339-4317,no,yes,27,129.5,106,22.02,248.9,90,21.16,268.0,115,12.06,11.9,3,3.21,1,False,0.020862956,0,Medium
WI,69,510,418-6455,yes,no,0,279.8,90,47.57,248.7,91,21.14,171.0,118,7.69,8.4,10,2.27,2,True,0.9954755,1,High
VT,95,510,378-3508,yes,yes,41,136.8,91,23.26,200.8,61,17.07,133.7,67,6.02,10.3,9,2.78,5,True,0.047122113,0,High
CT,31,415,390-9359,no,yes,31,100.1,54,17.02,246.3,97,20.94,255.0,131,11.48,5.9,3,1.59,0,False,0.004766838,0,Medium
OK,121,408,364-2495,no,yes,31,237.1,63,40.31,205.6,117,17.48,196.7,85,8.85,10.1,5,2.73,4,False,0.0006592445,0,Low
AK,111,415,364-7719,no,no,0,172.8,58,29.38,183.1,108,15.56,158.8,104,7.15,7.9,3,2.13,4,True,0.4986868,0,High
NY,157,415,421-1189,no,no,0,224.5,111,38.17,200.7,99,17.06,116.6,118,5.25,11.5,2,3.11,2,False,0.15582484,0,High
GA,44,510,419-8987,no,no,0,288.1,112,48.98,258.0,92,21.93,192.4,90,8.66,10.2,4,2.75,3,True,0.02123616,0,Medium
UT,61,510,402-9980,yes,no,0,78.2,103,13.29,195.9,149,16.65,108.0,100,4.86,10.1,6,2.73,2,False,0.00014751079,0,Low
NM,65,415,376-5908,no,no,0,148.7,80,25.28,259.0,94,22.02,149.5,107,6.73,12.7,6,3.43,2,False,0.0061714477,0,Medium
NE,74,415,400-3150,no,yes,25,194.6,84,33.08,119.9,103,10.19,175.5,75,7.9,13.1,2,3.54,2,False,0.1326598,0,High
NJ,123,408,336-1749,no,no,0,159.5,77,27.12,303.8,92,25.82,226.9,120,10.21,12.0,4,3.24,0,False,0.3859864,0,High
TX,58,408,420-1259,no,yes,20,194.5,110,33.07,213.7,89,18.16,236.6,92,10.65,9.5,2,2.57,1,False,0.039196473,0,High
MT,74,408,339-7541,no,no,0,174.1,96,29.6,251.1,94,21.34,257.6,123,11.59,8.3,5,2.24,2,True,0.014727536,0,Medium
CO,125,415,378-9029,no,no,0,131.8,97,22.41,136.7,100,11.62,308.2,119,13.87,7.7,6,2.08,2,False,0.0041825916,0,Medium
VT,80,415,342-7514,no,no,0,160.6,103,27.3,237.0,109,20.15,245.1,88,11.03,10.7,1,2.89,1,False,0.006546378,0,Medium
RI,53,408,422-4956,no,yes,18,146.8,107,24.96,310.0,84,26.35,178.7,130,8.04,7.2,7,1.94,0,False,0.000926696,0,Low
WY,99,408,389-8606,no,yes,28,200.7,88,34.12,264.2,116,22.46,172.7,102,7.77,9.1,5,2.46,1,False,0.0058036735,0,Medium
ID,99,415,406-7261,no,no,0,145.6,106,24.75,98.3,106,8.36,230.8,83,10.39,10.9,5,2.94,1,False,0.86840904,1,High
CT,66,415,417-7973,no,yes,29,229.4,104,39.0,257.4,84,21.88,231.5,119,10.42,8.0,1,2.16,2,False,0.4369133,0,High
ME,97,510,390-2891,no,no,0,211.0,76,35.87,189.0,100,16.07,123.0,102,5.54,4.7,4,1.27,3,False,0.005168908,0,Medium
AZ,75,510,385-7387,no,yes,37,121.5,97,20.66,271.4,110,23.07,248.7,97,11.19,11.3,5,3.05,2,False,0.0009924959,0,Low
MD,85,510,362-2776,yes,no,0,216.0,73,36.72,188.2,117,16.0,147.1,98,6.62,3.6,7,0.97,2,False,0.0040288772,0,Medium
IN,108,510,329-1955,no,no,0,293.0,88,49.81,160.6,101,13.65,143.9,87,6.48,10.0,6,2.7,2,False,0.0014103343,0,Low
NC,133,408,344-3160,yes,yes,32,221.1,137,37.59,264.9,99,22.52,168.9,108,7.6,15.4,4,4.16,2,True,0.0011503192,0,Low
DE,51,510,406-2454,no,no,0,181.5,108,30.86,196.9,87,16.74,187.2,119,8.42,10.3,2,2.78,1,False,0.012439199,0,Medium
MN,186,415,335-3913,no,yes,26,74.3,107,12.63,177.3,116,15.07,296.3,90,13.33,14.5,3,3.92,2,False,0.36439472,0,High
WI,44,415,355-7705,yes,no,0,62.3,92,10.59,275.0,82,23.38,138.7,108,6.24,10.8,3,2.92,1,False,0.025868615,0,Medium
FL,64,408,410-7108,no,yes,31,228.6,88,38.86,248.5,109,21.12,167.1,124,7.52,9.0,1,2.43,3,False,0.00013295341,0,Low
WV,44,510,419-1674,no,no,0,228.1,121,38.78,276.5,79,23.5,279.8,77,12.59,9.9,5,2.67,2,True,0.0020337494,0,Low
SD,114,415,351-7369,no,yes,36,309.9,90,52.68,200.3,89,17.03,183.5,105,8.26,14.2,2,3.83,1,False,0.054360073,0,High
FL,92,415,349-9566,no,no,0,201.9,74,34.32,226.8,119,19.28,217.5,80,9.79,13.7,6,3.7,3,False,0.9510277,1,High
OR,110,408,333-3421,no,no,0,149.8,112,25.47,180.0,93,15.3,140.0,119,6.3,11.7,4,3.16,2,False,0.6105548,1,High
CO,90,408,393-8199,no,yes,30,183.8,76,31.25,229.7,95,19.52,144.1,124,6.48,7.7,3,2.08,1,False,0.99881244,1,High
CT,72,408,388-4879,no,yes,21,186.7,108,31.74,335.0,86,28.48,187.2,119,8.42,16.5,4,4.46,1,False,0.047798846,0,High
IN,113,415,353-6007,no,no,0,209.4,151,35.6,347.3,113,29.52,246.0,116,11.07,7.4,2,2.0,1,True,0.009044253,0,Medium
PA,171,415,416-1557,no,yes,25,223.2,77,37.94,183.2,118,15.57,150.8,90,6.79,10.2,3,2.75,3,False,0.99938405,1,High
NM,104,415,356-7217,no,no,0,164.2,109,27.91,155.4,90,13.21,168.9,117,7.6,10.7,8,2.89,1,False,0.0031961089,0,Low
ME,165,408,350-2012,no,no,0,150.5,75,25.59,193.1,93,16.41,311.6,93,14.02,10.3,2,2.78,1,False,0.13750376,0,High
SD,104,510,420-9838,no,no,0,234.2,128,39.81,293.1,92,24.91,183.9,79,8.28,9.8,6,2.65,0,True,0.0074908086,0,Medium
AR,110,408,373-6379,no,no,0,55.3,102,9.4,164.7,124,14.0,200.7,108,9.03,10.2,5,2.75,1,False,0.00021064593,0,Low
TX,90,408,355-7293,yes,no,0,221.8,97,37.71,203.8,134,17.32,215.8,154,9.71,8.4,4,2.27,1,False,0.65960413,1,High
NH,114,415,406-4588,no,no,0,169.6,85,28.83,58.9,86,5.01,179.3,124,8.07,7.4,8,2.0,1,False,0.0033010775,0,Low
OK,101,408,345-1524,no,no,0,89.7,118,15.25,260.1,79,22.11,170.1,93,7.65,13.5,11,3.65,5,True,0.005864877,0,Medium
WI,117,408,375-8493,no,yes,14,80.2,81,13.63,219.0,103,18.62,122.6,102,5.52,8.6,2,2.32,1,False,0.04234206,0,High
AL,109,408,361-2924,no,no,0,218.9,105,37.21,299.9,87,25.49,158.6,110,7.14,11.3,4,3.05,2,False,0.00036992555,0,Low
PA,82,408,359-6163,no,no,0,125.7,96,21.37,207.6,137,17.65,183.1,103,8.24,12.9,2,3.48,1,False,0.99999714,1,High
OK,92,510,411-8140,no,no,0,176.3,85,29.97,93.4,125,7.94,207.2,107,9.32,9.6,1,2.59,2,False,0.0062143947,0,Medium
ME,82,510,381-9049,no,yes,29,207.2,111,35.22,254.1,137,21.6,169.3,92,7.62,9.5,5,2.57,2,False,0.66118085,1,High
WV,90,415,344-4478,no,no,0,205.7,138,34.97,161.9,83,13.76,269.7,104,12.14,12.5,6,3.38,2,False,0.00019327324,0,Low
HI,87,408,360-2690,no,yes,28,151.4,95,25.74,152.4,97,12.95,250.1,109,11.25,0.0,0,0.0,1,False,0.0020792917,0,Low
MN,124,510,410-7383,no,no,0,157.5,70,26.78,130.7,79,11.11,193.4,98,8.7,9.6,4,2.59,3,False,0.0048438944,0,Medium
NY,39,408,356-1889,no,no,0,160.4,68,27.27,102.6,103,8.72,235.3,106,10.59,9.1,5,2.46,2,False,0.026991393,0,Medium
AZ,84,415,341-2360,no,no,0,159.0,80,27.03,167.9,128,14.27,167.6,101,7.54,12.3,5,3.32,1,False,0.00037891773,0,Low
OH,75,510,370-3021,no,yes,46,214.1,62,36.4,200.9,111,17.08,246.8,126,11.11,9.2,6,2.48,0,False,0.0037612717,0,Medium
MI,102,510,336-4656,no,no,0,102.6,89,17.44,246.0,77,20.91,170.5,140,7.67,9.1,4,2.46,2,False,0.00049779983,0,Low
MA,62,415,386-2810,yes,no,0,159.7,86,27.15,197.5,76,16.79,121.6,105,5.47,13.9,6,3.75,0,True,0.124745786,0,High
WV,143,510,350-1354,no,no,0,202.8,109,34.48,165.8,104,14.09,143.9,71,6.48,4.6,4,1.24,1,False,0.7543985,1,High
MI,53,415,346-5707,no,no,0,57.5,95,9.78,265.5,131,22.57,244.3,128,10.99,11.6,6,3.13,3,False,0.0072904476,0,Medium
NM,30,415,405-8370,no,no,0,169.9,144,28.88,225.2,118,19.14,169.7,93,7.64,11.4,7,3.08,1,False,2.2952972e-05,0,Low
MO,112,415,373-2053,no,no,0,335.5,77,57.04,212.5,109,18.06,265.0,132,11.93,12.7,8,3.43,2,True,0.00088930054,0,Low
RI,129,415,369-5222,no,no,0,139.5,119,23.72,289.3,105,24.59,129.4,97,5.82,13.1,8,3.54,0,False,0.022687895,0,Medium
NC,63,415,347-7420,no,yes,29,142.3,107,24.19,118.7,56,10.09,240.1,91,10.8,6.6,8,1.78,1,False,0.0017464884,0,Low
WY,28,415,392-6856,no,no,0,187.8,94,31.93,248.6,86,21.13,208.8,124,9.4,10.6,5,2.86,0,False,0.014172666,0,Medium
WY,111,415,371-5556,no,no,0,146.2,55,24.85,261.5,83,22.23,163.2,116,7.34,8.7,3,2.35,3,False,0.27438924,0,High
PA,91,510,334-5337,no,no,0,231.8,120,39.41,150.6,106,12.8,269.2,129,12.11,11.6,7,3.13,3,False,0.005313949,0,Medium
KY,90,415,334-8817,no,no,0,193.7,83,32.93,154.2,79,13.11,299.0,60,13.46,12.7,3,3.43,1,False,0.017514111,0,Medium
OR,151,510,339-1405,no,no,0,156.4,108,26.59,233.4,118,19.84,195.7,141,8.81,7.7,6,2.08,4,False,0.020076051,0,Medium
NV,105,415,380-7742,yes,yes,29,220.7,82,37.52,217.7,110,18.5,190.5,100,8.57,13.2,6,3.56,1,True,0.009535208,0,Medium
DC,41,408,329-6191,no,yes,37,239.8,110,40.77,221.9,115,18.86,189.1,100,8.51,7.3,1,1.97,2,False,0.0124221295,0,Medium
UT,48,510,340-3075,no,yes,43,172.0,111,29.24,200.2,64,17.02,233.1,96,10.49,8.0,5,2.16,1,False,0.00023524681,0,Low
WA,166,408,416-5849,yes,yes,35,128.2,138,21.79,274.5,113,23.33,298.9,130,13.45,8.8,7,2.38,2,False,0.0034830603,0,Low
FL,79,510,334-7443,no,no,0,130.2,119,22.13,290.9,121,24.73,194.8,140,8.77,14.0,6,3.78,3,False,0.0006804097,0,Low
VA,153,510,394-9121,no,no,0,195.4,107,33.22,154.6,96,13.14,142.8,97,6.43,11.6,6,3.13,1,False,0.7249535,1,High
KS,110,415,383-1657,yes,no,0,293.3,79,49.86,188.5,90,16.02,266.9,91,12.01,14.5,4,3.92,0,True,0.0036649115,0,Low
KS,163,415,347-4112,no,no,0,191.3,89,32.52,193.9,87,16.48,268.4,121,12.08,12.8,4,3.46,1,False,0.0029920805,0,Low
DC,126,510,362-8280,no,no,0,122.4,88,20.81,143.8,111,12.22,157.0,106,7.07,11.5,3,3.11,1,False,0.07102844,0,High
ME,105,408,402-9982,no,yes,33,209.6,68,35.63,146.9,140,12.49,121.0,131,5.44,10.6,3,2.86,2,False,0.0014275556,0,Low
LA,172,415,392-8905,no,no,0,215.7,140,36.67,146.3,84,12.44,264.6,83,11.91,7.1,1,1.92,3,False,0.0020590913,0,Low
DC,126,415,392-5512,no,no,0,161.4,110,27.44,220.6,125,18.75,249.2,78,11.21,5.1,2,1.38,0,False,0.0049446155,0,Medium
TX,97,510,351-6384,no,no,0,144.2,91,24.51,226.7,137,19.27,144.6,72,6.51,13.8,4,3.73,3,False,0.004544271,0,Medium
NJ,95,408,348-8015,yes,yes,37,220.2,109,37.43,185.3,99,15.75,205.1,82,9.23,4.1,2,1.11,0,True,0.000930344,0,Low
DE,87,510,374-6966,no,no,0,256.2,105,43.55,160.7,102,13.66,249.4,80,11.22,7.4,2,2.0,4,False,0.052705154,0,High
VT,97,415,328-2236,no,no,0,112.7,119,19.16,217.7,109,18.5,152.1,76,6.84,6.5,5,1.76,1,False,0.002106098,0,Low
GA,76,415,372-6497,no,no,0,299.5,125,50.92,226.7,92,19.27,210.7,134,9.48,13.7,4,3.7,0,True,0.00042733477,0,Low
TX,140,408,417-8617,no,no,0,194.8,107,33.12,170.9,99,14.53,225.1,93,10.13,13.9,4,3.75,0,False,0.011999213,0,Medium
MT,169,415,361-9621,no,no,0,100.8,112,17.14,230.0,69,19.55,193.6,95,8.71,9.5,2,2.57,0,False,0.08088322,0,High
ND,68,408,421-2723,no,yes,22,82.5,97,14.03,289.9,94,24.64,180.0,114,8.1,4.8,4,1.3,3,False,0.010428583,0,Medium
NJ,122,415,327-9341,no,yes,34,146.4,104,24.89,89.7,103,7.62,220.0,91,9.9,15.6,4,4.21,2,False,4.1277613e-05,0,Low
MO,36,408,383-5474,no,no,0,177.9,129,30.24,224.6,87,19.09,306.3,102,13.78,10.8,6,2.92,2,False,0.052724175,0,High
CO,120,510,328-8147,no,yes,27,153.5,84,26.1,194.0,73,16.49,256.5,94,11.54,10.2,7,2.75,5,False,0.01724272,0,Medium
KS,121,408,373-5438,no,no,0,150.7,105,25.62,197.3,133,16.77,169.0,116,7.61,9.2,15,2.48,1,False,0.0006727573,0,Low
NC,64,408,333-9253,no,yes,19,180.1,106,30.62,127.5,92,10.84,237.4,118,10.68,7.5,3,2.03,0,False,0.016076447,0,Medium
MT,13,415,347-9421,no,yes,31,265.3,94,45.1,147.6,95,12.55,259.3,117,11.67,12.9,1,3.48,1,False,0.0033404594,0,Low
DE,106,415,419-3167,no,no,0,128.6,83,21.86,134.0,114,11.39,210.6,113,9.48,11.4,2,3.08,0,False,0.009213112,0,Medium
ND,88,415,414-4162,no,no,0,161.5,92,27.46,173.5,108,14.75,206.2,95,9.28,7.9,4,2.13,2,False,0.00762747,0,Medium
VA,74,408,416-5341,no,no,0,165.3,120,28.1,198.5,106,16.87,208.5,102,9.38,9.8,3,2.65,1,False,0.95100677,1,High
IL,83,415,368-8600,no,no,0,195.0,92,33.15,210.5,83,17.89,180.6,92,8.13,11.0,13,2.97,0,False,0.030511705,0,Medium
OK,49,415,336-6085,no,no,0,213.8,79,36.35,265.1,93,22.53,239.8,128,10.79,15.6,7,4.21,0,False,0.0042462703,0,Medium
CO,111,510,377-1479,no,yes,24,205.5,114,34.94,219.3,99,18.64,215.9,95,9.72,14.0,4,3.78,1,False,0.0007760197,0,Low
MT,50,415,360-2107,no,yes,22,252.9,112,42.99,177.9,99,15.12,158.4,146,7.13,8.5,4,2.3,3,False,0.0003374567,0,Low
WV,153,408,405-9384,no,yes,28,235.6,74,40.05,227.9,37,19.37,170.3,103,7.66,15.4,9,4.16,0,False,0.47866458,0,High
ME,88,415,420-5179,no,no,0,192.0,91,32.64,127.6,127,10.85,155.6,125,7.0,7.5,5,2.03,1,False,0.0013263853,0,Low
WI,131,415,331-3174,no,yes,39,69.1,122,11.75,101.3,136,8.61,104.8,94,4.72,9.1,4,2.46,0,False,0.020919556,0,Medium
MO,79,408,411-5958,no,no,0,261.7,97,44.49,210.6,48,17.9,256.7,83,11.55,6.0,3,1.62,3,True,0.0014483967,0,Low
NY,140,415,333-8180,no,no,0,235.5,81,40.04,257.2,130,21.86,103.1,111,4.64,11.5,4,3.11,2,False,0.05272863,0,High
CT,105,408,357-2679,no,no,0,213.4,100,36.28,204.9,52,17.42,179.7,93,8.09,9.5,6,2.57,1,False,0.014390246,0,Medium
AR,54,415,396-2867,no,yes,39,206.9,143,35.17,127.8,72,10.86,199.2,120,8.96,9.2,1,2.48,3,False,0.0012499588,0,Low
WY,87,415,341-9443,no,yes,22,263.8,65,44.85,103.4,115,8.79,208.1,109,9.36,8.5,3,2.3,3,False,0.15728368,0,High
CA,96,510,341-4103,no,yes,31,183.4,126,31.18,195.5,106,16.62,180.1,93,8.1,10.5,5,2.84,1,False,0.004963667,0,Medium
CA,79,510,416-8701,no,no,0,157.6,85,26.79,194.1,92,16.5,231.5,86,10.42,9.4,10,2.54,5,True,0.23428735,0,High
MN,55,415,397-6109,no,no,0,175.6,147,29.85,161.8,118,13.75,289.5,55,13.03,9.3,4,2.51,0,False,0.012596373,0,Medium
AK,130,415,392-5587,no,no,0,242.5,101,41.23,102.8,114,8.74,142.4,89,6.41,9.3,2,2.51,2,False,0.007698776,0,Medium
VA,34,415,392-9342,no,no,0,151.0,102,25.67,131.4,101,11.17,186.6,86,8.4,9.9,7,2.67,0,False,0.0049115103,0,Medium
CO,139,415,368-2845,no,no,0,138.1,103,23.48,164.5,100,13.98,134.9,63,6.07,8.3,2,2.24,1,False,0.00637483,0,Medium
MT,109,408,405-4920,no,no,0,264.7,69,45.0,305.0,120,25.93,197.4,86,8.88,9.5,9,2.57,1,True,0.023824992,0,Medium
SD,65,408,348-7484,no,yes,31,282.3,70,47.99,152.0,89,12.92,225.5,93,10.15,12.0,4,3.24,1,False,0.039824177,0,High
NE,63,415,338-5207,no,no,0,211.2,80,35.9,237.7,93,20.2,259.2,58,11.66,12.3,2,3.32,0,False,0.008775728,0,Medium
VT,152,415,418-7846,no,no,0,197.1,126,33.51,130.1,76,11.06,78.1,100,3.51,7.4,4,2.0,3,False,0.054881107,0,High
ND,147,408,358-8729,no,no,0,205.3,95,34.9,166.7,128,14.17,240.6,84,10.83,7.8,4,2.11,1,False,0.0075142253,0,Medium
GA,112,415,349-1943,no,yes,22,181.8,110,30.91,228.1,123,19.39,262.7,141,11.82,9.2,4,2.48,2,False,0.00045956604,0,Low
OR,120,415,368-8283,no,no,0,252.0,120,42.84,150.2,106,12.77,151.8,96,6.83,9.6,1,2.59,2,False,0.002966458,0,Low
